Cod_Loc,IdProvincia,IdDepartamento,Observacion,Categoría,Provincia,Departamento,Localidad,Nombre,Domicilio,Piso,CP,cod_area,Teléfono,Mail,Web,Información adicional,Latitud,Longitud,TipoLatitudLongitud,Fuente,tipo_gestion,digital,año_act
06854100,06,06854,,Diarios Impresos,Buenos Aires,25 de Mayo,25 de Mayo,La mañana,Calle 11 ,,,2345,466220,,http://www.lamanana.com.ar/,,-35.4362310,-60.1739860,localización precisa,Diarios Argentinos.com,Privado,Sí,2019
06588100,06,06588,,Diarios Impresos,Buenos Aires,9 de Julio,9 de Julio,El 9 de Julio ,Av. Vedia 198,,,2317,6111112,redaccion@diarioel9dejulio.com.ar,http://www.diarioel9dejulio.com.ar/,,-35.4522590,-60.8782870,localización precisa,Diarios Argentinos.com,Privado,Sí,2019
06077010,06,06077,,Diarios Impresos,Buenos Aires,Arrecifes,Arrecifes,Imagen de Arrecifes ,Euskalerría 493,,,2478,451945,redaccion@diarioimagen.com.ar,,,-34.0640070,-60.1091120,localización precisa,Diarios Argentinos.com,Privado,Sí,2019
06035010,06,06035,,Diarios Impresos,Buenos Aires,Avellaneda,Avellaneda,Diario Popular,Estrada 1969,,1872,11,42042778,redaccion@d.popular.com.ar,www.d.popular.com.ar,,-34.6691770,-58.3527660,localización precisa,Industrias Culturales Avellaneda,Privado,Sí,2019
06035010,06,06035,,Diarios Impresos,Buenos Aires,Avellaneda,Avellaneda,La Ciudad de Avellaneda,Lamadrid 125,,1870,11,42226705,laciudad@infovia.com.ar,www.laciudadavellaneda.com.ar/facebook Diario la Ciudad (de Avellaneda),,-34.6640230,-58.3592490,localización precisa,SInCA/ Industrias Culturales de Avellaneda,Privado,Sí,2019
06049020,06,06049,,Diarios Impresos,Buenos Aires,Azul,Azul,El Tiempo ,Belgrano 451,,,2281,426155,administracion@diarioeltiempo.com.ar,https://www.diarioeltiempo.com.ar/,,-36.7769320,-59.8617840,localización precisa,Diarios Argentinos.com,Privado,Sí,2019
06056010,06,06056,,Diarios Impresos,Buenos Aires,Bahia Blanca,Bahia Blanca,La Nueva Provincia,Rodriguez 55,,8000,291,4590000,info@lanueva.coma,www.lanueva.com,,-38.7159230,-62.2676750,localización precisa,SInCA,Privado,Sí,2019
06056010,06,06056,,Diarios Impresos,Buenos Aires,Bahia Blanca,Bahia Blanca,Sexta Seccion ,Ciudad de Cali y gral. Angel Peñaloza,,,,,,https://www.lasextaseccion.com.ar/,,-38.6673420,-62.2733200,localización precisa,Diarios Argentinos.com,Privado,Sí,2019
06063010,06,06063,,Diarios Impresos,Buenos Aires,Balcarce,Balcarce,La Vanguardia,Av. Chaves  280,Piso 1,7620,2266,422477,info@diariolavanguardia.com,www.diariolavanguardia.com,,-37.8441740,-58.2524320,localización precisa,SInCA,Privado,Sí,2019
06063010,06,06063,,Diarios Impresos,Buenos Aires,Balcarce,Balcarce,El Diario,Calle 17 N° 792,,7620,2266,431500,elsemanal@infovia.com.ar,http://eldiariobalcarce.com.ar/,,-37.8502480,-58.2529600,localización precisa,SInCA,Privado,Sí,2019
06084020,06,06084,,Diarios Impresos,Buenos Aires,Benito Juarez,Benito Juarez,El Fenix ,Av. Libertad 50,,,2292,451277,info@elfenixdigital.com,https://www.elfenixdigital.com,,-37.6729100,-59.8056150,localización precisa,Diarios Argentinos.com,Privado,Sí,2019
06098010,06,06098,,Diarios Impresos,Buenos Aires,Berisso,Berisso,El Mundo de Berisso ,Av.Montevideo 1400,.,,221,4612621,redaccion@semanarioelmundo.com.ar,https://semanarioelmundo.com.ar,,-34.8715560,-57.8769310,localización precisa,Diarios Argentinos.com,Privado,Sí,2019
06105060,06,06105,,Diarios Impresos,Buenos Aires,Bolivar,Bolivar,La Mañana ,Alvear 47,,,2314,424600,,http://www.diariolamanana.com.ar,,-36.2325180,-61.1123970,localización precisa,Diarios Argentinos.com,Privado,Sí,2019
06112010,06,06112,,Diarios Impresos,Buenos Aires,Bragado,Bragado,La Voz de Bragado,I. Suarez 326,,,2342,430200,lavozdebragado@speedy.com.ar,www.lavozdebragado.com.ar,,-35.1149480,-60.4847750,localización precisa,SInCA,Privado,Sí,2019
06126030,06,06126,,Diarios Impresos,Buenos Aires,Campana,Campana,La Autentica Defensa ,Av. Ing. Rocca 161,,,3489,423631,info@laautenticadefensa.com.ar,,,-34.1596720,-58.9589330,localización precisa,Diarios Argentinos.com,Privado,Sí,2019
06147030,06,06147,,Diarios Impresos,Buenos Aires,Carlos Casares,Carlos Casares,El Oeste ,Hipolito Yrigoyen 155,,,2395,452646,info@periodicoeloeste.com.ar,http://www.periodicoeloeste.com/,Periódico,-35.6253240,-61.3619160,localización precisa,Diarios Argentinos.com,Privado,Sí,2019
06147030,06,06147,,Diarios Impresos,Buenos Aires,Carlos Casares,Carlos Casares,Nueva imagen,Almirante Brown 138,,,2395,451030,,https://www.periodiconuevaimagen.com.ar,,-35.6210800,-61.3630300,localización precisa,SInCA,Privado,Sí,2019
06217010,06,06217,,Diarios Impresos,Buenos Aires,Chascomus,Chascomus,Diario El Fuerte,Belgrano  174,,,2241,423096,,www.prensaescrita.com/adiario.php?codigo=ARG&pagina=usuarios.advance.com.ar/elfuerte,,-35.5743400,-58.0149560,localización precisa,SInCA,Privado,Sí,2019
06217010,06,06217,,Diarios Impresos,Buenos Aires,Chascomus,Chascomus,El Cronista,Moreno 46,,,2241,422758,,www.elcronistadiario.com,,-35.5781280,-58.0107070,localización precisa,SInCA,Privado,Sí,2019
06224010,06,06224,,Diarios Impresos,Buenos Aires,Chivilcoy,Chivilcoy,La Razon de Chivilcoy,Sarmiento  74,,,2346,434900,redaccion@larazondechivilcoy.com.ar,www.larazondechivilcoy.com.ar,,-34.8985180,-60.0169680,localización precisa,SInCA,Privado,Sí,2019
06196010,06,06196,,Diarios Impresos,Buenos Aires,Coronel Pringles,Coronel Pringles,El Diario de Pringles ,Colón N° 848,,,2922,463874,eldiario@pringles.com.ar,http://www.eldiariodepringles.com.ar/,,-37.9881930,-61.3527450,localización precisa,Diarios Argentinos.com,Privado,Sí,2019
06196010,06,06196,,Diarios Impresos,Buenos Aires,Coronel Pringles,Coronel Pringles,El orden,Leandro N. Alem 1022,,,2922,444187,,http://www.elorden.com/,,-37.9862070,-61.3519660,localización precisa,SInCA,Privado,Sí,2019
06203020,06,06203,,Diarios Impresos,Buenos Aires,Coronel Suarez,Coronel Suarez,Nuevo Dia ,Junín 98,,,2926,430380,,http://www.nuevodiadigital.com/,,-37.4586950,-61.9289130,localización precisa,Diarios Argentinos.com,Privado,Sí,2019
06238010,06,06238,,Diarios Impresos,Buenos Aires,Dolores,Dolores,Compromiso ,Moreno 101,,,2245,44245,,http://www.compromisodiario.com.ar/,,-36.3167290,-57.6804590,localización precisa,Diarios Argentinos.com,Privado,Sí,2019
06252010,06,06252,,Diarios Impresos,Buenos Aires,Escobar,Escobar,El Diario de Escobar ,Av. Belgrano 567,,,348,4422221,info@grupoeldiario.com,https://eldiariodeescobar.com.ar/,,-34.3456760,-58.7922850,localización precisa,Diarios Argentinos.com,Privado,Sí,2019
06270010,06,06270,,Diarios Impresos,Buenos Aires,Ezeiza,Ezeiza,Periódico la 205 ,s/d,,1804,,,,http://www.la205.com.ar/,Periódico,-34.8499165,-58.5228848,localización por localidad,Diarios Argentinos.com,Privado,Sí,2019
06270010,06,06270,,Diarios Impresos,Buenos Aires,Ezeiza,Ezeiza,La Palabra de Ezeiza,Tucumán 142,,1804,11,42326274,ezeizaediciones@yahoo.com.ar,http://www.lapalabradeezeiza.com.ar/,,-34.8489910,-58.5224370,localización precisa,Diarios Bonaerenses,Privado,Sí,2019
06274010,06,06274,,Diarios Impresos,Buenos Aires,Florencio Varela,Florencio Varela,Mi Ciudad ,Av. San Martin 733,,,11,42552595,diariomiciudadvarela@yahoo.com.ar,https://www.miciudadenlinea.com.ar/,,-34.7601350,-58.3003090,localización precisa,Diarios Argentinos.com,Privado,Sí,2019
06274010,06,06274,,Diarios Impresos,Buenos Aires,Florencio Varela,Florencio Varela,Varela al Dia ,Av.12 de Octubre Nº 499,,,11,43555555,,http://varelaaldia.com.ar,,-34.8160200,-58.2717060,localización precisa,Diarios Argentinos.com,Privado,Sí,2019
06277020,06,06277,,Diarios Impresos,Buenos Aires,Florentino Ameghino,General Ameghino,El Ojo Ameghinense ,B° Obrero C. 46 ,,,2355,15456819,lamarcadelincoln@yahoo.com.ar,http://www.elojoenlinea.com.ar/,,-34.8466777,-62.4671576,localización precisa,Diarios Argentinos.com,Privado,Sí,2019
06315010,06,06315,,Diarios Impresos,Buenos Aires,General Juan Madariaga,General Juan Madariaga,El Mensajero de La Costa,C. Madariaga  225,,,2267,424657,elmensajero@telpin.com.ar,www.diario-elmensajero.com.ar,,-36.9981020,-57.1375890,localización precisa,SInCA,Privado,Sí,2019
06364030,06,06364,,Diarios Impresos,Buenos Aires,General Rodriguez,General Rodriguez,El Vecinal ,2 de Abril 775,,1748,237,4853470,semanarioelvecinal@gmail.com,https://es-la.facebook.com/elvecinal/,Semanario,-34.6068860,-58.9529610,localización precisa,Diarios Argentinos.com,Privado,Sí,2019
06392050,06,06392,,Diarios Impresos,Buenos Aires,General Villegas,General Villegas,Actualidad ,San Martín 223,,,3388,421315,info@diarioactualidad.com,http://diarioactualidad.com/,,-35.0306710,-63.0151230,localización precisa,Diarios Argentinos.com,Privado,Sí,2019
06413050,06,06413,,Diarios Impresos,Buenos Aires,Junin,Junin,Democracia,Rivadavia 436,,,2362,446111,diario@diariodemocracia.com,www.diariodemocracia.com,,-34.5860210,-60.9505490,localización precisa,SInCA,Privado,Sí,2019
06413050,06,06413,,Diarios Impresos,Buenos Aires,Junin,Junin,La Verdad,Roque Saenz Pena 167,,6000,2362,443610,laverdad@satlink.com.AR,www.laverdadonline.com,,-34.5901240,-60.9467710,localización precisa,SInCA,Privado,Sí,2019
06441030,06,06441,,Diarios Impresos,Buenos Aires,La Plata,La Plata,Primera Pagina ,Calle 7 Nº 94,P 1 depto 11,,221,4210421,primerapaginadiario@yahoo.com.ar,http://primerapagina.info/,,-34.9020740,-57.9667040,localización precisa,Diarios Argentinos.com,Privado,Sí,2019
06441030,06,06441,,Diarios Impresos,Buenos Aires,La Plata,La Plata,Diario Extra,Calle 49 535,Piso 1 ?3?,1900,221,4220054,info@diarioextra.com.ar,www.diarioextra.com.ar,,-34.9128820,-57.9488940,localización precisa,SInCA,Privado,Sí,2019
06441030,06,06441,,Diarios Impresos,Buenos Aires,La Plata,La Plata,El Dia,Diagonal 80 817,,1900,221,4232996,correo@eldia.com,www.eldia.com.ar,,-34.9089100,-57.9489590,localización precisa,IVC,Privado,Sí,2019
06441030,06,06441,,Diarios Impresos,Buenos Aires,La Plata,La Plata,El Plata Informador,Diagonal 80 817,,1900,221,4232996,,,,-34.9089100,-57.9489590,localización precisa,IVC,Privado,Sí,2019
06441030,06,06441,,Diarios Impresos,Buenos Aires,La Plata,La Plata,Hoy ,Cnel. Dorrego  584,,,2474,15564814,,www.hoyrojas.com.ar,,-34.1952420,-60.7402400,localización precisa,SInCA,Privado,Sí,2019
06469080,06,06469,,Diarios Impresos,Buenos Aires,Lincoln,Lincoln,La Posta del Noroeste ,Andrade 746,,,2355,432683,redacciondiariolaposta@gmail.com,http://lapostadiario.com/,,-34.8665690,-61.5443290,localización precisa,Diarios Argentinos.com,Privado,Sí,2019
06483040,06,06483,,Diarios Impresos,Buenos Aires,Lobos,Lobos,La Palabra de Lobos,Las Heras 38,,,2227,431800,lapalabradelobos@yahoo.com.ar,http://www.lapalabradelobos.com/,,-35.1861800,-59.0995110,localización precisa,Diarios Bonaerenses,Privado,Sí,2019
06490010,06,06490,,Diarios Impresos,Buenos Aires,Lomas de Zamora,Lomas de Zamora,La Union,San Mart 673,,4700,,,digital@multimediosunion.com.ar,www.launiondigital.com.ar,,-28.4694180,-65.7773460,localización precisa,SInCA,Privado,Sí,2019
06497060,06,06497,,Diarios Impresos,Buenos Aires,Lujan,Lujan,El Civismo,Dr. Muniz 654,,6700,2323,428466,,www.elcivismo.com.ar,,-34.5708620,-59.1151610,localización precisa,SInCA,Privado,Sí,2019
06497060,06,06497,,Diarios Impresos,Buenos Aires,Lujan,Lujan,Presente ,Italia 1285,,6700,2323,435000,contacto@semanario-presente.com.ar,http://www.semanario-presente.com.ar/,Semanario,-34.5683660,-59.1180400,localización precisa,Diarios Argentinos.com,Privado,Sí,2019
06511020,06,06511,,Diarios Impresos,Buenos Aires,Maipu,Maipu,Semana Maipuense ,s/d,,,2268,15403648,semanamaipuense@hotmail.com,https://www.facebook.com/elsemanariodemaipu/,,-36.8648515,-57.8829166,localización por localidad,Diarios Argentinos.com,Privado,Sí,2019
06357110,06,06357,,Diarios Impresos,Buenos Aires,General Pueyrredon,Mar del Plata,La Capital de Mar del Plata,Av. M. Champagnat  2551,,7604,223,4788490,contacto@lacapitalmdq.com.ar,www.lacapitalmdp.com/,,-37.9879100,-57.5889220,localización precisa,SInCA,Privado,Sí,2019
06420040,06,06420,,Diarios Impresos,Buenos Aires,La Costa,Mar del Tuyú ,Pionero ,calle 75bis N°85,,,2246,434420,,http://diariopionero.com.ar/,,-36.5778090,-56.6901110,localización precisa,Diarios Argentinos.com,Privado,Sí,2019
06532020,06,06532,,Diarios Impresos,Buenos Aires,Mercedes,Mercedes,El Nuevo Cronista ,Calle 5 Nº 619,,,2324,426372,,http://www.nuevocronista.com/,,-34.6520730,-59.4199590,localización precisa,Diarios Argentinos.com,Privado,Sí,2019
06532020,06,06532,,Diarios Impresos,Buenos Aires,Mercedes,Mercedes,Los Protagonistas,Calle 14 671,,6600,2324,423884,info@sprotagonistas.com.ar,www.sprotagonistas.com.ar,,-34.6550750,-59.4325610,localización precisa,SInCA,Privado,Sí,2019
06568010,06,06568,,Diarios Impresos,Buenos Aires,Moron,Moron,El Diario de Moron,San Martin 134,,1708,11,46288049,eldiariodemoron@yahoo.com.ar,www.eldiariodemoron.com.ar,,-34.6496290,-58.6226660,localización precisa,SInCA,Privado,Sí,2019
06581040,06,06581,,Diarios Impresos,Buenos Aires,Necochea,Necochea - Quequen,Ecos Diarios,Calle 62 2486,,7630,2262,430754,ecosdiar@satlink.coma,www.ecosdiarios.com,,-38.5496400,-58.7375700,localización precisa,SInCA,Privado,Sí,2019
06595070,06,06595,,Diarios Impresos,Buenos Aires,Olavarria,Olavarria,El Popular,Vicente Lopez 2626,,7400,2294,420502,director@elpopular.com.ara,www.diarioelpopular.com.ara,,-36.8942530,-60.3247800,localización precisa,SInCA,Privado,Sí,2019
06609080,06,06609,,Diarios Impresos,Buenos Aires,Pehuajo,Pehuajo,Noticias ,Varela 722,,6450,2396,472156,,http://noticiaspehuajo.com/,,-35.8101630,-61.9028530,localización precisa,Diarios Argentinos.com,Privado,Sí,2019
06623100,06,06623,,Diarios Impresos,Buenos Aires,Pergamino,Pergamino,El Tiempo ,Rivadavia 42,,,2477,440665,clasificados@eltiempodepergamino.com,,,-33.8881800,-60.5763310,localización precisa,Diarios Argentinos.com,Privado,Sí,2019
06623100,06,06623,,Diarios Impresos,Buenos Aires,Pergamino,Pergamino,La Opinion,San Nicolas 400,,2700,2477,437755,redaccion@bbt11.com.ar,www.laopinion-pergamino.com.ar,,-33.8929270,-60.5723630,localización precisa,SInCA,Privado,Sí,2019
06638040,06,06638,,Diarios Impresos,Buenos Aires,Pilar,Pilar,Diario Pilar Regional,Pedro Lagrave 254,,1629,230,4666066,,https://www.pilaradiario.com/,,-34.4569330,-58.9091590,localización precisa,Diarios Argentinos.com,Privado,Sí,2019
06638040,06,06638,,Diarios Impresos,Buenos Aires,Pilar,Pilar,Resumen ,San Martin 128,,1629,230,4430868,,https://diarioresumen.com.ar,,-34.4525670,-58.9157240,localización precisa,SInCA,Privado,Sí,2019
06638040,06,06638,,Diarios Impresos,Buenos Aires,Pilar,Pilar,Resumen ,San Martín 128,,1629,,,redaccion@diarioresumen.com.ar,https://diarioresumen.com.ar/,,-34.4525680,-58.9157410,localización precisa,Diarios Argentinos.com,Privado,Sí,2019
06658010,06,06658,,Diarios Impresos,Buenos Aires,Quilmes,Quilmes,El Sol,Av. Hipólito Yrigoyen 122,,1878,11,42576325,,http://elsolnoticias.com.ar/,,-34.7156920,-58.2659210,localización precisa,SInCA,Privado,Sí,2019
06658010,06,06658,,Diarios Impresos,Buenos Aires,Quilmes,Quilmes,Perspectiva Sur,Mitre 815,,1878,11,42571182,redaccion@perspectivasur.com,www.perspectivasur.com,,-34.7241270,-58.2520150,localización precisa,SInCA,Privado,Sí,2019
06686060,06,06686,,Diarios Impresos,Buenos Aires,Rojas,Rojas,El Nuevo Diario Rojense ,Lavalle 471,,2705,2475,466000,administracion@elnuevorojense.com.ar,http://www.elnuevorojense.com.ar,,-34.1973040,-60.7359600,localización precisa,Diarios Argentinos.com,Privado,Sí,2019
06686060,06,06686,,Diarios Impresos,Buenos Aires,Rojas,Rojas,Hoy Rojas,Dorrego 580,,2705,221,4338900,info@diariohoy.net,www.diariohoy.net,,-34.1974570,-60.7366830,localización precisa,SInCA,Privado,Sí,2019
06728040,06,06728,,Diarios Impresos,Buenos Aires,San Andres de Giles,San Andres de Giles,La Libertad,Belgrano 321,,,2325,440846,la-libertad@ar.inter.net,www.la-libertad.com.ar,,-34.4464190,-59.4430730,localización precisa,SInCA,Privado,Sí,2019
06420020,06,06420,,Diarios Impresos,Buenos Aires,La Costa,San Bernardo,Opinion de la Costa ,Av. San Bernardo 1617,,,2257,464700,,http://www.diarioopinion.com.ar/,,-36.6871670,-56.6942010,localización precisa,Diarios Argentinos.com,Privado,Sí,2019
06427010,06,06427,,Diarios Impresos,Buenos Aires,La Matanza,San Justo,NCO ,Monseñor Marcón 2584,1er,,11,44414936,diarionco@gmail.com,https://diario-nco.com/,,-34.6746590,-58.5673330,localización precisa,Diarios Argentinos.com,Privado,Sí,2019
06763050,06,06763,,Diarios Impresos,Buenos Aires,San Nicolas,San Nicolas de los Arroyos,El Norte,Francia 64,,2900,3461,422112,diarioelnorte@diarioelnorte.com.ara,www.diarioelnorte.com.ara,,-33.3292290,-60.2181670,localización precisa,SInCA,Privado,Sí,2019
06770050,06,06770,,Diarios Impresos,Buenos Aires,San Pedro,San Pedro,El Diario de San Pedro,Bartolomé Mitre 1085,,,3329,420400,,http://eldiariodesanpedro.com.ar/sitio/,,-33.6807400,-59.6670960,localización precisa,SInCA,Privado,Sí,2019
06770050,06,06770,,Diarios Impresos,Buenos Aires,San Pedro,San Pedro,La Opinion Semanario,San Martin 73,,,3329,420100,laopinion@laopinionsemanario.com.ar,www.laopinionsemanario.com.ar,,-33.6782880,-59.6647340,localización precisa,SInCA,Privado,Sí,2019
06357120,06,06357,,Diarios Impresos,Buenos Aires,General Pueyrredon,Sierra de los Padres,Nueva Sierra ,s/d,,,,,,http://www.nuevasierra.com.ar/,,-37.9541667,-57.7715971,localización por localidad,Diarios Argentinos.com,Privado,Sí,2019
06791050,06,06791,,Diarios Impresos,Buenos Aires,Tandil,Tandil,El Eco de Tandil,H. Yrigoyen 560,,7000,2292,446046,diarioeleco@poraire.net,www.eleco.com.ar,,-37.3273500,-59.1378320,localización precisa,SInCA,Privado,Sí,2019
06791050,06,06791,,Diarios Impresos,Buenos Aires,Tandil,Tandil,La Voz de Tandil ,Av. Santamaria,,7000,249,4448008,,https://www.lavozdetandil.com.ar/,,-37.3226520,-59.1314100,localización precisa,Diarios Argentinos.com,Privado,Sí,2019
06791050,06,06791,,Diarios Impresos,Buenos Aires,Tandil,Tandil,Nueva Era,Gral. Rodriguez 445,,7000,2293,422085,nuevaera@infovia.com.ara,www.nuevaeranet.com.ar,,-37.3283110,-59.1356640,localización precisa,SInCA,Privado,Sí,2019
06515010,06,06515,,Diarios Impresos,Buenos Aires,Malvinas Argentinas,Tortuguitas,Tiempo de Tortuguitas ,s/d,,,11,1551620667,tiempodetortuguitas@hotmail.com,http://www.tiempodetortuguitas.com.ar/,,-34.4941030,-58.7005058,localización por localidad,Diarios Argentinos.com,Privado,Sí,2019
06826050,06,06826,,Diarios Impresos,Buenos Aires,Trenque Lauquen,Trenque Lauquen,La Opinion ,Roca 752,,6400,2392,410434,,http://laopinion.com.ar,,-35.9763840,-62.7327750,localización precisa,Diarios Argentinos.com,Privado,Sí,2019
06833100,06,06833,,Diarios Impresos,Buenos Aires,Tres Arroyos,Tres Arroyos,El Periodista,Av del Trabajador 840,,,2983,15646223,,www.elperiodista3a.com.ar,,-38.3892730,-60.2760710,localización precisa,SInCA,Privado,Sí,2019
06833100,06,06833,,Diarios Impresos,Buenos Aires,Tres Arroyos,Tres Arroyos,La Voz del Pueblo,Av San Martin 991,,,,,S/D,www.lavozdelpueblo.com.ar,,-38.3696080,-60.2854860,localización precisa,SInCA,Privado,Sí,2019
06861010,06,06861,,Diarios Impresos,Buenos Aires,Vicente Lopez,Vicente Lopez,Lo Nuestro ,Monteverde 3297,,,11,47946638,diariolonuestro@gmail.com,https://www.diariolonuestro.com.ar/,,-34.5068110,-58.4939560,localización precisa,Diarios Argentinos.com,Privado,Sí,2019
06868020,06,06868,,Diarios Impresos,Buenos Aires,Villa Gesell,Villa Gesell,El Fundador ,"Av. 3 y Paseo 106 - Galería Futura, local 7",,,3400,457181,,http://elsurdiario.com.ar,,-37.2587280,-56.9701530,localización precisa,Diarios Argentinos.com,Privado,Sí,2019
06882050,06,06882,,Diarios Impresos,Buenos Aires,Zarate,Zarate,El Debate,Justa Lima de Atucha 950,,2800,387,432000,info@eldebate.com.ar,www.eldebate.com.ar,,-34.1029700,-59.0193050,localización precisa,SInCA,Privado,Sí,2019
06882050,06,06882,,Diarios Impresos,Buenos Aires,Zarate,Zarate,La Voz de Zarate,Alte. Brown 742,,2800,387,420855,diariolavozdezarate@cabletel.net.ar,http://www.diariolavozdezarate.com/,,-34.1018370,-59.0215090,localización precisa,SInCA,Privado,Sí,2019
10049030,10,10049,,Diarios Impresos,Catamarca,Capital,San Fernando del Valle de Catamarca,El Ancasti,Sarmiento 518,Piso 1,4700,383,431385,lector@elancasti.net.ar,www.elancasti.com.ar,,-28.4672990,-65.7799440,localización precisa,IVC,Privado,Sí,2019
10049030,10,10049,,Diarios Impresos,Catamarca,Capital,San Fernando del Valle de Catamarca,El Esquiú,Esquiu 843,,4700,383,4453001,,https://www.elesquiu.com/,,-28.4668310,-65.7747920,localización precisa,SInCA,Privado,Sí,2019
22140060,22,22140,,Diarios Impresos,Chaco,San Fernando,Resistencia,El Diario de la Region ,José Hernández 280,,3500,362,4450502,eldiariodelaregion@hotmail.com,https://www.eldiariodelaregion.com.ar/,,-27.4544410,-58.9777620,localización precisa,Diarios Argentinos.com,Privado,Sí,2019
22140060,22,22140,,Diarios Impresos,Chaco,San Fernando,Resistencia,Norte,Carlos Pellegrini 744,,3500,3722,428204,m_diaz@diarionorte.com,www.diarionorte.com,,-27.4468320,-58.9783930,localización precisa,IVC,Privado,Sí,2019
22140060,22,22140,,Diarios Impresos,Chaco,San Fernando,Resistencia,Primera Linea,25 de Mayo  264,,3500,3722,447777,redaccion@diarioprimeralinea.com.ar,www.diarioprimeralinea.com.ar/,,-27.4491880,-58.9888350,localización precisa,SInCA,Privado,Sí,2019
22140060,22,22140,,Diarios Impresos,Chaco,San Fernando,Resistencia,La voz del Chaco,Salta 285,,3500,362,4849077,redaccion@diariolavozdelchaco.com,http://www.diariolavozdelchaco.com,,-27.4512630,-58.9915540,localización precisa,SInCA,Privado,Sí,2019
22140060,22,22140,,Diarios Impresos,Chaco,San Fernando,Resistencia,Diario Chaco,Mitre 593,,3500,362,4413998,,http://www.diariochaco.com/,,-27.4456860,-58.9822930,localización precisa,SInCA,Privado,Sí,2019
26021030,26,26021,,Diarios Impresos,Chubut,Escalante,Comodoro Rivadavia,Cronica,Namuncura 122,,,,,cronica@diariocronica.com.ar,www.diariocronica.com.ar/,,-45.8724090,-67.4992230,localización precisa,SInCA,Privado,Sí,2019
26021030,26,26021,,Diarios Impresos,Chubut,Escalante,Comodoro Rivadavia,El Patagonico,Sarmiento 569,,,297,4462728,redaccion@elpatagonico.net,www.elpatagonico.net,,-45.8599720,-67.4825530,localización precisa,SInCA,Privado,Sí,2019
26035030,26,26035,,Diarios Impresos,Chubut,Futaleufu,Esquel,Paginas del Sur ,Belgrano 563,,,,,,http://paginasdelsur.com.ar/,,-42.9160760,-71.3222680,localización precisa,Diarios Argentinos.com,Privado,Sí,2019
26035030,26,26035,,Diarios Impresos,Chubut,Futaleufu,Esquel,La Portada,Gral. Roca 659,,,2945,450417,redaccion@diariolaportada.com.ar,http://diariolaportada.com.ar/,,-42.9145620,-71.3221360,localización precisa,SInCA,Privado,Sí,2019
26007020,26,26007,,Diarios Impresos,Chubut,Biedma,Puerto Madryn,Diario El Chubut,Roque Saenz Peña 61,,9120,280,4455555,elchubut-madryn@speedy.com.ar,www.elchubut.com.ar,,-42.7649575,-65.0350285,localización precisa,Municipalidad de Puerto Madryn,Privado,Sí,2019
26007020,26,26007,,Diarios Impresos,Chubut,Biedma,Puerto Madryn,Diario Jornada,Marcos A. Zar 857,,9120,280,4458851,administracionmadryn@grupojornada.com,www.diariojornada.com.ar,,-42.7726308,-65.0346482,localización precisa,Municipalidad de Puerto Madryn -  Red de Ciudades Creativas,Privado,Sí,2019
26007020,26,26007,,Diarios Impresos,Chubut,Biedma,Puerto Madryn,El Diario de Madryn,9 de Julio 367,,9120,,,redaccion@diariodemadryn.com,https://www.eldiariodemadryn.com/,,-42.7720760,-65.0457780,localización precisa,SInCA,Privado,Sí,2019
26007040,26,26007,,Diarios Impresos,Chubut,Biedma,Trelew,El Chubut,9 de Julio 329,Piso 1,9100,2965,434802,info@elchubut.com.ar,www.diarioelchubut.com.ar,,-43.2520300,-65.3118310,localización precisa,SInCA,Privado,Sí,2019
2000010,02,02000,,Diarios Impresos,Ciudad Autónoma de Buenos Aires,Ciudad Autonoma de Buenos Aires,Ciudad Autonoma de Buenos Aires,Ambito Financiero,Av. Paseo Colon 1196,,1063,11,43491500,mensajesaleditor@ambitoweb.com,www.ambitoweb.com,,-34.6216290,-58.3683140,localización precisa,SInCA,Privado,Sí,2019
02000010,02,02000,,Diarios Impresos,Ciudad Autónoma de Buenos Aires,Ciudad Autonoma de Buenos Aires,Ciudad Autonoma de Buenos Aires,Argentinisches Tageblatt,Ciudad de La Paz  1410,,1426,11,47825104,info@tageblatt.com.ar,www.tageblatt.com.ar/,,-34.5681570,-58.4518750,localización precisa,SInCA,Privado,Sí,2019
02000010,02,02000,,Diarios Impresos,Ciudad Autónoma de Buenos Aires,Ciudad Autonoma de Buenos Aires,Ciudad Autonoma de Buenos Aires,Buenos Aires Economico,Soler 6026,,,,,,https://www.baenegocios.com/,,-34.5774470,-58.4369230,localización precisa,SInCA,Privado,Sí,2019
02000010,02,02000,,Diarios Impresos,Ciudad Autónoma de Buenos Aires,Ciudad Autonoma de Buenos Aires,Ciudad Autonoma de Buenos Aires,Clarin,Tacuari  1842,,,11,43097500,lectores@clarin.com.ar,www.clarin.com,,-34.6295830,-58.3750850,localización precisa,IVC,Privado,Sí,2019
02000010,02,02000,,Diarios Impresos,Ciudad Autónoma de Buenos Aires,Ciudad Autonoma de Buenos Aires,Ciudad Autonoma de Buenos Aires,Cronica,Av. Juan de Garay 130/40,,1063,11,43611001,editor@cronica.com.ar,www.cronica.com.ar,,-34.6240800,-58.3670460,localización precisa,SInCA ,Privado,Sí,2019
02000010,02,02000,,Diarios Impresos,Ciudad Autónoma de Buenos Aires,Ciudad Autonoma de Buenos Aires,Ciudad Autonoma de Buenos Aires,El Cronista Comercial,Av. Paseo Colon 740,Piso 1,1063,11,41219300,,www.cronista.com,,-34.6162620,-58.3687660,localización precisa,SInCA,Privado,Sí,2019
02000010,02,02000,,Diarios Impresos,Ciudad Autónoma de Buenos Aires,Ciudad Autonoma de Buenos Aires,Ciudad Autonoma de Buenos Aires,El Universal,Av Corrientes 4070,,,11,52759400,redaccion@eluniversal.com.ar,,,-34.6030602,-58.4220727,localización precisa,SINCA,Privado,Sí,2019
02000010,02,02000,,Diarios Impresos,Ciudad Autónoma de Buenos Aires,Ciudad Autonoma de Buenos Aires,Ciudad Autonoma de Buenos Aires,La Nacion,Bouchard 557,,1106,11,43191600,diario@lanacion.com.ar,www.lanacion.com.ar,,-34.6010830,-58.3692370,localización precisa,IVC,Privado,Sí,2019
02000010,02,02000,,Diarios Impresos,Ciudad Autónoma de Buenos Aires,Ciudad Autonoma de Buenos Aires,Ciudad Autonoma de Buenos Aires,La Prensa,Azopardo 715,,1107,11,43491000,informaciongeneral@laprensa.com.ar,www.laprensa.com.ar,,-34.6158760,-58.3675460,localización precisa,SInCA,Privado,Sí,2019
02000010,02,02000,,Diarios Impresos,Ciudad Autónoma de Buenos Aires,Ciudad Autonoma de Buenos Aires,Ciudad Autonoma de Buenos Aires,Miardas al Sur,Serrano 1139,,,11,47753333,gediazyanotti@grupoveintitres.com,www.sur.infonews.com/,,-34.5919207,-58.4351135,localización precisa,SINCA,Privado,Sí,2019
02000010,02,02000,,Diarios Impresos,Ciudad Autónoma de Buenos Aires,Ciudad Autonoma de Buenos Aires,Ciudad Autonoma de Buenos Aires,Ole,Tacuari 1842,,1139,,,ole@ole.com.ar,www.ole.com.ar,,-34.6295830,-58.3750850,localización precisa,IVC,Privado,Sí,2019
02000010,02,02000,,Diarios Impresos,Ciudad Autónoma de Buenos Aires,Ciudad Autonoma de Buenos Aires,Ciudad Autonoma de Buenos Aires,Pagina / 12,Solis  525,,1134,11,67724400,,www.pagina12.com.ar,,-34.6150370,-58.3903670,localización precisa,IVC,Privado,Sí,2019
02000010,02,02000,,Diarios Impresos,Ciudad Autónoma de Buenos Aires,Ciudad Autonoma de Buenos Aires,Ciudad Autonoma de Buenos Aires,Perfil,Chacabuco 271,Piso 9,1069,11,43419000,perfilcom@perfil.com.ar,www.perfil.com,,-34.6112380,-58.3762190,localización precisa,SInCA,Privado,Sí,2019
02000010,02,02000,,Diarios Impresos,Ciudad Autónoma de Buenos Aires,Ciudad Autonoma de Buenos Aires,Ciudad Autonoma de Buenos Aires,Popular,Santa Fe 1725,,1425,11,48132009,redaccion@dpopular.com,www.popularonline.com.ar,,-34.5958400,-58.3922950,localización precisa,SInCA,Privado,Sí,2019
02000010,02,02000,,Diarios Impresos,Ciudad Autónoma de Buenos Aires,Ciudad Autonoma de Buenos Aires,Ciudad Autonoma de Buenos Aires,Tiempo Argentino,México 437,Piso 1,1097,,,,https://www.tiempoar.com.ar/,,-34.6147890,-58.3723540,localización precisa,SInCA,Privado,Sí,2019
02000010,02,02000,,Diarios Impresos,Ciudad Autónoma de Buenos Aires,Ciudad Autonoma de Buenos Aires,Ciudad Autónoma de Buenos Aires,Buenos Aires Times ,California 2715,,1289,11,59854603,buenosairestimes@perfil.com,http://www.batimes.com.ar/,,-34.6493300,-58.3841450,localización precisa,Diarios Argentinos.com,Privado,Sí,2019
02000010,02,02000,,Diarios Impresos,Ciudad Autónoma de Buenos Aires,Ciudad Autonoma de Buenos Aires,Ciudad Autónoma de Buenos Aires,Clara Mente ,Bauness 2786,,1431,11,45238918,claramente@claramente.com.ar,http://www.claramente.com.ar/,,-34.5722660,-58.4900810,localización precisa,Diarios Argentinos.com,Privado,Sí,2019
02000010,02,02000,,Diarios Impresos,Ciudad Autónoma de Buenos Aires,Ciudad Autonoma de Buenos Aires,Ciudad Autónoma de Buenos Aires,Diario Judicial ,Paraná 426,,1017,11,52633519,,https://www.diariojudicial.com,,-34.6036070,-58.3880660,localización precisa,Diarios Argentinos.com,Privado,Sí,2019
02000010,02,02000,,Diarios Impresos,Ciudad Autónoma de Buenos Aires,Ciudad Autonoma de Buenos Aires,Ciudad Autónoma de Buenos Aires,Diario Popular ,Beguiristain 146,,1873,11,42043161,internet@dpopular.com.ar,https://www.diariopopular.com.ar/,,-34.6687860,-58.3523550,localización precisa,IVC,Privado,Sí,2019
02000010,02,02000,,Diarios Impresos,Ciudad Autónoma de Buenos Aires,Ciudad Autonoma de Buenos Aires,Ciudad Autónoma de Buenos Aires,El Economista ,Paraguay 776 ,1° B,1057,11,43150265,redaccion@eleconomista.com.ar,https://www.eleconomista.com.ar/,,-34.5978150,-58.3779940,localización precisa,Diarios Argentinos.com,Privado,Sí,2019
02000010,02,02000,,Diarios Impresos,Ciudad Autónoma de Buenos Aires,Ciudad Autonoma de Buenos Aires,Ciudad Autónoma de Buenos Aires,Le Monde Diplomatique,Paraguay 1535,,1061,,,contacto@eldiplo.org,https://www.eldiplo.org/,,-34.5983310,-58.3885990,localización precisa,Diarios Argentinos.com,Privado,Sí,2019
14147010,14,14147,,Diarios Impresos,Córdoba,Santa Maria,Alta Gracia,Nuevo Sumario ,Brasil 342,,5186,3547,426925,,https://www.diariosumario.com.ar/,, -31.655859 ,-64.4305590,localización precisa,Diarios Argentinos.com,Privado,Sí,2019
14063020,14,14063,,Diarios Impresos,Córdoba,Marcos Juarez,Arias,Poder Ciudadano ,La Rioja 643,,,3468,440205,fullpromo@yahoo.com.ar,https://poderciudadano.com.ar/,,-33.6482610,-62.4042550,localización precisa,Diarios Argentinos.com,Privado,Sí,2019
14182060,14,14182,,Diarios Impresos,Córdoba,Union,Bell Ville,Tribuna ,25 de Mayo 175,,,3537,416789,luisgiletta@tribunabellville.com.ar,http://www.tribunabellville.com.ar/,,-32.6360110,-62.6876250,localización precisa,Diarios Argentinos.com,Privado,Sí,2019
14014010,14,14014,,Diarios Impresos,Córdoba,Capital,Cordoba,Comercio y Justicia,Felix Paz 310,,,,,,www.comercioyjusticia.com.ar,,-31.4169060,-64.2320860,localización precisa,SInCA,Privado,Sí,2019
14014010,14,14014,,Diarios Impresos,Córdoba,Capital,Cordoba,Hoy Dia Cordoba ,Belgrano 157,,5000,351,4224400,web@hoydiacordoba.info,https://www.hoydia.com.ar/,,-31.4164670,-64.1892190,localización precisa,Diarios Argentinos.com,Privado,Sí,2019
14014010,14,14014,,Diarios Impresos,Córdoba,Capital,Cordoba,La Voz del Interior,Av La Voz del Interior 6080,,,,,,www.lavoz.com.ar,,-31.3432720,-64.2069940,localización precisa,IVC,Privado,Sí,2019
14014010,14,14014,,Diarios Impresos,Córdoba,Capital,Cordoba,Punto a Punto,Av. R. Nunez  4504,,5009,351,5891500,correo@pap.com.ar,www.papcordoba.com,,-31.3652320,-64.2355050,localización precisa,SInCA,Privado,Sí,2019
14021140,14,14021,,Diarios Impresos,Córdoba,Colon,Jesus Maria,El Despertador,Julio Argentino Roca 147,,5220,3525,401140,,www.eldespertadordiario.com.ar,,-30.9808176,-64.0979110,localización precisa,Direccion de Cultura y Turismo de Jesus Maria,Privado,Sí,2019
14063160,14,14063,,Diarios Impresos,Córdoba,Marcos Juarez,Leones,Nuevo Dia ,Av. Belgrano,,,3472,481453,,http://www.nuevodialeones.com,,-32.6609510,-62.2994990,localización precisa,Diarios Argentinos.com,Privado,Sí,2019
14098230,14,14098,,Diarios Impresos,Córdoba,Rio Cuarto,Rio Cuarto,Puntal Digital,Rivadavia 180,,5800,358,4649300,publicidadonline@puntal.com.ar,www.diariopuntal.com.ar,,-33.1256360,-64.3470620,localización precisa,SInCA,Privado,Sí,2019
14105240,14,14105,,Diarios Impresos,Córdoba,Rio Primero,Rio Primero,El Diario del Pueblo ,Av. Sarmiento 192,,,351,2286114,info@eldiariodelpueblo.net,https://www.lariberaweb.com,,-31.3268720,-63.6322900,localización precisa,Diarios Argentinos.com,Privado,Sí,2019
14161150,14,14161,,Diarios Impresos,Córdoba,Tercero Arriba,Rio Tercero,Tribuna,Caseros y San Miguel,,5850,3571,500208,tribuna@tribunadigital.com.ara,www.tribunadigital.com.ar/,,-32.1764910,-64.1234580,localización precisa,SInCA,Privado,Sí,2019
14140360,14,14140,,Diarios Impresos,Córdoba,San Justo,San Francisco,La Voz de San Justo,Bv. 9 de Julio 2035,,2400,3564,420694,gerencia@lavozdesanjusto.com.ar,www.lavozdesanjusto.com.ar,,-31.4302760,-62.0888540,localización precisa,SInCA,Privado,Sí,2019
14091250,14,14091,,Diarios Impresos,Córdoba,Punilla,Villa Carlos Paz,Bamba ,Asunción 81,,,2920,427541,,https://www.elbamba.com,,-31.4193970,-64.5062450,localización precisa,Diarios Argentinos.com,Privado,Sí,2019
14091250,14,14091,,Diarios Impresos,Córdoba,Punilla,Villa Carlos Paz,El Diario de Carlos Paz ,"Alvear 381, Loc.1",,5152,3541,486587,diariocarlospaz@yahoo.com.ar,www.eldiariodecarlospaz.com,,-31.4193900,-64.4931520,localización precisa,SInCA / DiariosArgentinos.com,Privado,Sí,2019
14091250,14,14091,,Diarios Impresos,Córdoba,Punilla,Villa Carlos Paz,La Jornada ,s/d,,,,,,,Periodico de distribución gratuita,-31.4182380,-64.4933448,localización por localidad,Diarios Argentinos.com,Privado,Sí,2019
14042170,14,14042,,Diarios Impresos,Córdoba,General San Martin,Villa Maria,El Diario,Y. Hirigoyen 355,,5900,353,4613126,eldiario@eldiariocba.com.ar,www.eldiariocba.com.ar,,-32.4153260,-63.2418820,localización precisa,SInCA,Privado,Sí,2019
14042170,14,14042,,Diarios Impresos,Córdoba,General San Martin,Villa Maria,Puntal Villa Maria ,General Paz 290,,5900,353,4528080,puntalweb@puntal.com.ar,https://www.puntalvillamaria.com.ar,,-32.4083350, -63.245849,localización precisa,Diarios Argentinos.com,Privado,Sí,2019
18021020,18,18021,,Diarios Impresos,Corrientes,Capital,Corrientes,Diario 1588,Lamadrid 1894 ,,3400,,,,www.diario1588.com,,-27.4712260,-58.8395840,localización precisa,SInCA,Privado,Sí,2019
18021020,18,18021,,Diarios Impresos,Corrientes,Capital,Corrientes,Diario Epoca,H.Yrigoyen 835,,3400,3783,424919,redaccion@diarioepoca.com,www.diarioepoca.com,,-27.4681810,-58.8414180,localización precisa,SInCA,Privado,Sí,2019
18021020,18,18021,,Diarios Impresos,Corrientes,Capital,Corrientes,El Libertador,25 de Mayo  928,,3400,3783,462440,ellibertadorpublicidad@hotmail.com,www.diarioellibertador.com.ar,,-27.4638640,-58.8399540,localización precisa,SInCA,Privado,Sí,2019
18021020,18,18021,,Diarios Impresos,Corrientes,Capital,Corrientes,El Litoral,Hipolito Yrigoyen 990,,3400,3783,411524,redaccion@el-litoral.com.ar,www.el-litoral.com.ar,,-27.4683590,-58.8394620,localización precisa,SInCA,Privado,Sí,2019
18021020,18,18021,,Diarios Impresos,Corrientes,Capital,Corrientes,La Republica,Carlos Pellegrini 1029,,3400,3783,427615,publicidadlarepublica@gmail.com,www.diariolarepublica.com.ar,,-27.4651300,-58.8387690,localización precisa,SInCA,Privado,Sí,2019
18119030,18,18119,,Diarios Impresos,Corrientes,Paso de los Libres,Paso de los Libres,Infolibres,Colón 1030 - Galería Garavano,,,,,info@infolibreS. com,www.infolibres.com,,-29.7119820,-57.0892040,localización precisa,SInCA,Privado,Sí,2019
30028010,30,30028,,Diarios Impresos,Entre Ríos,Federacion,Chajari,Chajari Al Dia,Stampa  2430,,,3456,420002,info@multimedioschajari.com.ar,http://www.chajarialdia.com.ar/,,-30.7548253,-57.9825558,localización precisa,SInCA,Privado,Sí,2019
30008020,30,30008,,Diarios Impresos,Entre Ríos,Colon,Colon,El Entre Rios ,Mariano Moreno 211,,,345,4271774,,https://www.elentrerios.com,,-32.2215880,-58.1363720,localización precisa,Diarios Argentinos.com,Privado,Sí,2019
30098040,30,30098,,Diarios Impresos,Entre Ríos,Uruguay,Concepcion del Uruguay,La Calle,Moreno 139,,3260,3442,425614,,www.lacalle-online.com.ar,,-32.4866230,-58.2317880,localización precisa,SInCA,Privado,Sí,2019
30098040,30,30098,,Diarios Impresos,Entre Ríos,Uruguay,Concepcion del Uruguay,La Prensa Federal ,Mitre 61,,,3442,424600,,http://www.laprensafederal.com.ar/,,-32.4807610,-58.2314350,localización precisa,Diarios Argentinos.com,Privado,Sí,2019
30015060,30,30015,,Diarios Impresos,Entre Ríos,Concordia,Concordia,El Heraldo,Quintana 42,,3202,345,4215304,heraldo@infovia.com.ar,www.elheraldo.com.ar,,-31.3982810,-58.0201620,localización precisa,SInCA,Privado,Sí,2019
30015060,30,30015,,Diarios Impresos,Entre Ríos,Concordia,Concordia,El Sol,Concejal Veiga 777,,,345,4210332,correo@diarioelsol.com.ar,www.diarioelsol.com,,-31.3929750,-58.0270610,localización precisa,SInCA,Privado,Sí,2019
30084070,30,30084,,Diarios Impresos,Entre Ríos,Parana,Crespo,El Observador del Litoral ,San Martín 1260,,,343,4951080,elobservadordellitoral@gmail.com,https://www.elobservadordellitoral.com,,-32.0327980,-60.3097080,localización precisa,Diarios Argentinos.com,Privado,Sí,2019
30084070,30,30084,,Diarios Impresos,Entre Ríos,Parana,Crespo,Paralelo 32,Irigoyen y San Martin,,,,,info@paralelo32.com.ar,www.paralelo32.com.ar,,-32.0323650,-60.3091700,localización precisa,SInCA,Privado,Sí,2019
30028070,30,30028,,Diarios Impresos,Entre Ríos,Federacion,Federación,El Federaense,Av. San Martin 31,17,,3456,482009,info@elfederaense.com.ar,www.elfederaense.com.ar,,-30.9864460,-57.9200230,localización precisa,SInCA,Privado,Sí,2019
30049040,30,30049,,Diarios Impresos,Entre Ríos,Gualeguay,Gualeguay,El Debate Pregon ,Islas Malvinas 170,,,3444,423115,adm@diariodebatepregon.com.ar,http://www.diariodebatepregon.com,,-33.1480120,-59.3159100,localización precisa,Diarios Argentinos.com,Privado,Sí,2019
30049040,30,30049,,Diarios Impresos,Entre Ríos,Gualeguay,Gualeguay,El Dia de Gualeguay,Chacabuco 38,Piso 1,2840,3444,423038,info@eldiadegualeguay.com.ar,www.gualeguayaldia.com.ar,,-33.1491020,-59.3120640,localización precisa,SInCA,Privado,Sí,2019
30056070,30,30056,,Diarios Impresos,Entre Ríos,Gualeguaychu,Gualeguaychu,El Argentino,9 de Julio 45,,,3446,47753333,gediazyanotti@grupoveintitres.com,www.diarioelargentino.com.ar,,-33.0079320,-58.5135700,localización precisa,SINCA,Privado,Sí,2019
30056070,30,30056,,Diarios Impresos,Entre Ríos,Gualeguaychu,Gualeguaychu,El Dia,Concordia 1993,,2820,3446,430808,lectores@eldiadegualeguaychu.com.ar,www.eldiaonline.com,,-33.0224990,-58.5338290,localización precisa,SInCA,Privado,Sí,2019
30056090,30,30056,,Diarios Impresos,Entre Ríos,Gualeguaychu,Larroque,Accion ,s/d,,,,,,http://acciondelarroque.com.ar/,Periodico,-33.0354243,-59.0018537,localización por localidad,Diarios Argentinos.com,Privado,Sí,2019
30084160,30,30084,,Diarios Impresos,Entre Ríos,Parana,Parana,El Diario,Urquiza 1,,,,,info@eldiarioentrerios.com.ar,www.eldiariodeparana.com.ar,,-31.7323710,-60.5302150,localización precisa,IVC,Privado,Sí,2019
30084160,30,30084,,Diarios Impresos,Entre Ríos,Parana,Parana,Uno,Peru 100,,3100,343,4233355,uno@unoentrerios.com.ar,www.unoentrerios.com.ar,,-31.7338990,-60.5325560,localización precisa,IVC,Privado,Sí,2019
34014020,34,34014,,Diarios Impresos,Formosa,Formosa,Formosa,El Comercial,Hipolito Yrigoyen 58,,3600,3717,431035,redaccion@elcomercial.com.ar,www.elcomercial.com.ar,,-26.1854520,-58.1640130,localización precisa,SInCA,Privado,Sí,2019
34014020,34,34014,,Diarios Impresos,Formosa,Formosa,Formosa,La Mañana,Dean Funes 950,,3600,3717,430868,cartas@lamanana-online.com.ar,www.lamanana-online.com.ar,,-26.1850170,-58.1679980,localización precisa,SInCA,Privado,Sí,2019
34014020,34,34014,,Diarios Impresos,Formosa,Formosa,Formosa,Opinion Ciudadana,Salta 164,,3600,3717,427292,,www.diariopinion.com.ar,,-26.1877080,-58.1639250,localización precisa,SInCA,Privado,Sí,2019
38021060,38,38021,,Diarios Impresos,Jujuy,Dr. Manuel Belgrano,San Salvador de Jujuy,El Tribuno de Jujuy,Belgrano  306,,4600,388,4237800,tribunojujuy@ciudad.com.ar,www.eltribuno.info/jujuy,,-24.1754911,-65.3220973,localización precisa,IVC,Privado,Sí,2019
38021060,38,38021,,Diarios Impresos,Jujuy,Dr. Manuel Belgrano,San Salvador de Jujuy,Pregon,Belgrano 545,,4600,388,4236200,pregon@pregon.com.ar,www.pregon.com.ar,,-24.1852160,-65.3007470,localización precisa,SInCA,Privado,Sí,2019
42105030,42,42105,,Diarios Impresos,La Pampa,Maraco,General Pico,La Reforma ,Calle 20 Nº 627,,,,,redaccion@diariolareforma.com.ar,http://www.diariolareforma.com.ar/,,-35.6589150,-63.7541110,localización precisa,Diarios Argentinos.com,Privado,Sí,2019
42056040,42,42056,,Diarios Impresos,La Pampa,Chapaleufu,Intendente Alvear,El Norte en Movimiento ,Int. Alvear,,,,,info@elnorteenmovimiento.com.ar,https://elnorteenmovimiento.com.ar/,,-35.2378880,-63.5971210,localización precisa,Diarios Argentinos.com,Privado,Sí,2019
42021020,42,42021,,Diarios Impresos,La Pampa,Capital,Santa Rosa,El Diario,Jose Ingenieros  855,,6300,2954,411117,eldiariodelapampacomercial@gmail.com,www.eldiariodelapampa.com.ar,,-36.6288650,-64.2928490,localización precisa,IVC / Red de Ciudades Creativas,Privado,Sí,2019
42021020,42,42021,,Diarios Impresos,La Pampa,Capital,Santa Rosa,La Arena,Bartolome Mitre 339,,6300,2954,411111,info@laarena.com.ar,www.laarena.com.ar,,-36.6247980,-64.2912540,localización precisa,Red de Ciudades Creativas/ SInCA,Privado,Sí,2019
42021020,42,42021,,Diarios Impresos,La Pampa,Capital,Santa Rosa,Las Noticias al Bolsillo,Gallareta 816,,6300,,,lasnoticiasalbolsillo@yahoo.com.ar,,,-36.6466220,-64.3423600,localización precisa,Red de Ciudades Creativas,Privado,Sí,2019
42021020,42,42021,,Diarios Impresos,La Pampa,Capital,Santa Rosa,Semanario Region empresa periodística,Independencia 195,,6300,2954,4387800,info@region.com.ar,www.region.com.ar,,-36.6265030,-64.2792620,localización precisa,Red de Ciudades Creativas/ SInCA,Privado,Sí,2019
46042010,46,46042,,Diarios Impresos,La Rioja,Chilecito,Chilecito,Diario Chilecito,San Martin  95,,5360,3825,423700,Lector@GrupoEmail.com.ar,www.diariochilecito.com,,-29.1658380,-67.4934460,localización precisa,SInCA,Privado,Sí,2019
46014010,46,46014,,Diarios Impresos,La Rioja,Capital,La Rioja,El Independiente,9 de Julio 223,,5300,3822,469666,redaccion@el-independiente.com.ar,www.elindependiente.com.ar,,-29.4160560,-66.8547240,localización precisa,SInCA,Privado,Sí,2019
46014010,46,46014,,Diarios Impresos,La Rioja,Capital,La Rioja,Nueva Rioja,9 de Julio 86,,5300,3822,420400,,www.nuevarioja.com.ar,,-29.4144830,-66.8549470,localización precisa,SInCA,Privado,Sí,2019
50007010,50,50007,,Diarios Impresos,Mendoza,Capital,Mendoza,Ciudadano,Necochea 159,,5500,261,4292415,info@ciuadanodiario.com.ar,www.ciudadanodiario.com.ar,,-32.8870230,-68.8405970,localización precisa,SInCA,Privado,Sí,2019
50007010,50,50007,,Diarios Impresos,Mendoza,Capital,Mendoza,Diario Uno ,Av. Pedro Molina 345,,5500,261,4491300,,https://www.diariouno.com.ar/,,-32.8961450,-68.8453980,localización precisa,IVC,Privado,Sí,2019
50007010,50,50007,,Diarios Impresos,Mendoza,Capital,Mendoza,El Sol,La Rioja 987,,5500,261,4205051,,https://www.elsol.com.ar/,,-32.8920750,-68.8355850,localización precisa,SInCA,Privado,Sí,2019
50007010,50,50007,,Diarios Impresos,Mendoza,Capital,Mendoza,Los Andes,San Martin 1049,,5500,261,4202222,,www.losandes. com.ar,,-32.8911760,-68.8395320,localización precisa,IVC,Privado,Sí,2019
50007010,50,50007,,Diarios Impresos,Mendoza,Capital,Mendoza,Uno,Pedro Molina 345,,5500,261,4491300,uno_mendoza@diariouno.net.ar,www.diariouno.net.ar,,-32.8964360,-68.8455760,localización precisa,SInCA,Privado,Sí,2019
50098100,50,50098,,Diarios Impresos,Mendoza,San Martin,San Martin,Tiempo del Este ,s/d,,,,,jobave2002@gmail.com,http://tiempodeleste.com,,-33.0809008,-68.4705132,localización por localidad,Diarios Argentinos.com,Privado,Sí,2019
50105210,50,50105,,Diarios Impresos,Mendoza,San Rafael,San Rafael,San Rafael,Comandante Salas 131,,5600,2627,425317,redaccion@diariosanrafael.com.ar,www.diariosanrafael.com.ar,,-34.6138930,-68.3315880,localización precisa,SInCA,Privado,Sí,2019
54091080,54,54091,,Diarios Impresos,Misiones,Obera,Obera,Pregon Misionero ,Gdor. Barreyro 234,,,3755,401618,,https://pregonmisionero.wordpress.com/,,-27.4814200,-55.1146630,localización precisa,Diarios Argentinos.com,Privado,Sí,2019
54028030,54,54028,,Diarios Impresos,Misiones,Capital,Posadas,El Territorio,Av. Quaranta 4307,,3301,3752,451844,webmaster@territoriodigital.net,www.territoriodigital.com,,-27.4020090,-55.9234240,localización precisa,IVC,Privado,Sí,2019
54028030,54,54028,,Diarios Impresos,Misiones,Capital,Posadas,Noticias de La Calle,Rademacher  3715,,3300,3752,422024,noticiasdelacalle@gmail.com,www.noticiasdelacalle.com.ar,,-27.3839520,-55.8962160,localización precisa,IVC,Privado,Sí,2019
54028030,54,54028,,Diarios Impresos,Misiones,Capital,Posadas,Primera Ediciones,Cordoba  1738,,3300,3752,420407,info@primeraedicionweb.com.ar,www.primeraedicionweb.com.ar,,-27.3679680,-55.8932240,localización precisa,IVC,Privado,Sí,2019
54028030,54,54028,,Diarios Impresos,Misiones,Capital,Posadas,Seis Paginas,San Martin 1598,Of. 6,3300,3752,423770,info@noticiasdel6.com,www.noticiasdel6.com,,-27.3662550,-55.8915070,localización precisa,SInCA,Privado,Sí,2019
54063030,54,54063,,Diarios Impresos,Misiones,Iguazu,Puerto Iguazu,La Voz de Cataratas ,Colibrí,,,,,info@lavozdecataratas.com,http://www.lavozdecataratas.com/,,-25.6100120,-54.5685430,localización precisa,Diarios Argentinos.com,Privado,Sí,2019
58049010,58,58049,,Diarios Impresos,Neuquén,Huiliches,Junin de los Andes,Junin Dice,S/D,,,,,diario@junindice.com.ar,www.junindice.com.ar,,-39.9512712,-71.0705860,localización por localidad,SInCA,Privado,Sí,2019
58035070,58,58035,,Diarios Impresos,Neuquén,Confluencia,Neuquen,Diario Río Negro,Ministro González 290,,,299,4490900,,,,-38.9517780,-68.0549180,localización precisa,RCC,Privado,Sí,2019
58035070,58,58035,,Diarios Impresos,Neuquén,Confluencia,Neuquen,La Manana LMN neuquén,Fotheringham 445,,8300,299,4490400,redaccion@lmnequen.com.ar,www.lmneuquen.com.ar,,-38.9503270,-68.0689510,localización precisa,SInCA,Privado,Sí,2019
58035070,58,58035,,Diarios Impresos,Neuquén,Confluencia,Neuquen,Oportunidades,Sarmiento 266,,8300,299,4428574,,www.periodicooportunidades.com ,,-38.9572734,-68.0627784,localización precisa,Municipalidad de Neuquén - Red de Ciudades Creativas,Privado,Sí,2019
58091040,58,58091,,Diarios Impresos,Neuquén,Pehuenches,Rincon de los Sauces,El Periodico de Rincon,S/D,,,,,contacto@elperiodicoderincon.com.ar,www.elperiodicoderincon.com.ar,,-37.3940595,-6892602178165360000000.0000000,localización por localidad,SInCA,Privado,Sí,2019
58056010,58,58056,,Diarios Impresos,Neuquén,Lacar,San Martin de los Andes,La Bandurria,Av. San Martin  545,,,2972,427894,,www.labandurria.com.ar,,-40.1581850,-71.3542860,localización precisa,SInCA,Privado,Sí,2019
62042450,62,62042,,Diarios Impresos,Río Negro,General Roca,General Roca,Rio Negro,9 de Julio 733,,8332,2941,439300,cartas@rionegro.com.ar,www.rionegro.com.ar,,-39.0295740,-67.5750760,localización precisa,IVC,Privado,Sí,2019
62021060,62,62021,,Diarios Impresos,Río Negro,Bariloche,San Carlos de Bariloche,El Cordillerano,Moreno 975,,8400,2944,431409,noticias@elcordillerano.com.ar,www.elcordillerano.com.ar,,-41.1360530,-71.2962510,localización precisa,SInCA,Privado,Sí,2019
62007090,62,62007,,Diarios Impresos,Río Negro,Adolfo Alsina,Viedma,Al Dia,Saavedra 1196,,8500,2920,432277,,www.diarioaldia.com.ar,,-40.8132340,-63.0017410,localización precisa,SInCA,Privado,Sí,2019
62007090,62,62007,,Diarios Impresos,Río Negro,Adolfo Alsina,Viedma,Noticias de la Costa,Sarmiento 40,,8500,2920,427540,redaccion@noticiasnet.com.ar,www.noticiasnet.com.ar,,-40.8074635,-62.9912328,localización precisa,Subsecretaria de Cultura de la Municipalidad de Viedma - Red de Ciudades Creativas,Privado,Sí,2019
62042560,62,62042,,Diarios Impresos,Río Negro,General Roca,Villa Regina,La Comuna ,Pueyrredón Sur 81,,8336,298,4439370,lacomuna@rionegro.com.ar,https://www.lacomuna.com.ar,,-39.0930590,-67.0874940,localización precisa,Diarios Argentinos.com,Privado,Sí,2019
66028050,66,66028,,Diarios Impresos,Salta,Capital,Salta,Crónica del NOA,Pje. Gobelli 1885,,4400,387,155881454,cronicadelnoa@gmail.com ,http://www.cronicadelnoa.com.ar/,,-24.7756880,-65.4274720,localización precisa,Municipalidad de Salta - Red de Ciudades Creativas,Privado,Sí,2019
66028050,66,66028,,Diarios Impresos,Salta,Capital,Salta,Cadena Global,Los Peteribíes 300,,4400,,,,www.diariodigitalglobal.com.ar,,-24.7664420,-65.3962320,localización precisa,SInCA,Privado,Sí,2019
66028050,66,66028,,Diarios Impresos,Salta,Capital,Salta,Cuarto Poder,Av. Belgrano 1314,,,,,,,,-24.7864780,-65.4207950,localización precisa,RCC,Privado,Sí,2019
66028050,66,66028,,Diarios Impresos,Salta,Capital,Salta,El Expreso,Av Ragone y Calle 213,,,,,,,,-24.8239450,-65.4226530,localización precisa,RCC,Privado,Sí,2019
66028050,66,66028,,Diarios Impresos,Salta,Capital,Salta,El Intransigente,Vicente Lopez 168,,4400,,,,www.elintransigente.com,,-24.7882480,-65.4053390,localización precisa,SInCA ,Privado,Sí,2019
66028050,66,66028,,Diarios Impresos,Salta,Capital,Salta,El Tribuno,Av. Ex Combatientes de Malvinas 3890,,4412,387,4246240,redaccion@eltribuno.com.ar,www.eltribuno.info/salta/diario/hoy,,-24.8395820,-65.4335660,localización precisa,IVC,Privado,Sí,2019
66028050,66,66028,,Diarios Impresos,Salta,Capital,Salta,Nueva Propuesta,Pje. Riobamba 950,,,,,,,,-24.7783145,-65.4245290,localización precisa,RCC,Privado,Sí,2019
66028050,66,66028,,Diarios Impresos,Salta,Capital,Salta,Nuevo Diario Salta,Caseros 837,,,387,4227672,,www.nuevodiariodesalta.com.ar,,-24.7896400,-65.4141770,localización precisa,SInCA,Privado,Sí,2019
66028050,66,66028,,Diarios Impresos,Salta,Capital,Salta,Punto Uno,Bartolomé Mitre 1967,,4400,387,4398183,info@diariopuntouno.com.ar,http://www.diariopuntouno.com.ar,,-24.7654624,-65.4088582,localización precisa,Municipalidad de Salta,Privado,Sí,2019
70028010,70,70028,,Diarios Impresos,San Juan,Capital,San Juan,Diario de Cuyo,Mendoza Sur 380,,5400,264,-4290013,sanjuandc@diariodecuyo.com.ar,www.diariodecuyo.com.ar,,-31.5387720,-68.5257930,localización precisa,IVC,Privado,Sí,2019
70028010,70,70028,,Diarios Impresos,San Juan,Capital,San Juan,Diario Huarpe ,Castelli 2,,5400,,,,diariohuarpe.com,,-31.5302310,-68.5567140,localización precisa,IVC,Privado,Sí,2019
70028010,70,70028,,Diarios Impresos,San Juan,Capital,San Juan,El Nuevo Diario,Santa Fe Oeste  236,,5400,264,4213658,info@nuevodiariosanjuan.com.ar,www.nuevodiariosanjuan.com.ar,,-31.5392510,-68.5291060,localización precisa,SInCA ,Privado,Sí,2019
70028010,70,70028,,Diarios Impresos,San Juan,Capital,San Juan,El Zonda,Av. Espana (Sur) 1300,8,5400,264,4201313,,www.diarioelzonda.com.ar,,-31.5503000,-68.5331720,localización precisa,SInCA,Privado,Sí,2019
74056150,74,74056,,Diarios Impresos,San Luis,La Capital,San Luis,El Diario de La Republica,Lafinur 924,,5700,266,4422096,jsaporiti@grupopayne.com.ar,www.eldiariodelarepublica.com,,-33.3011680,-66.3470280,localización precisa,IVC,Privado,Sí,2019
78014010,78,78014,,Diarios Impresos,Santa Cruz,Deseado,Caleta Olivia,Compromiso ,Fagnano 35,,,,,diariocompromiso@gmail.com,https://es-la.facebook.com/diariocompromiso/,,-46.4431020,-67.5195620,localización precisa,Diarios Argentinos.com,Privado,Sí,2019
78014010,78,78014,,Diarios Impresos,Santa Cruz,Deseado,Caleta Olivia,La Prensa de Santa Cruz,Gobernador Gregores  1370,,,,,,www.prensasc.com.ar,,-46.4588650,-67.5216660,localización precisa,SInCA,Privado,Sí,2019
78021040,78,78021,,Diarios Impresos,Santa Cruz,Guer Aike,Rio Gallegos,El Periodico Austral,Errazuris  400,,9400,2966,439101,redaccion@elperiodicoaustral.com,www.elperiodicoaustral.com,,-51.6258590,-69.2180990,localización precisa,SInCA,Privado,Sí,2019
78021040,78,78021,,Diarios Impresos,Santa Cruz,Guer Aike,Rio Gallegos,La Opinión Austral,Zapiola 25,,9400,2966,420185,12_opinion@speedy.com.ar,www.laopinionaustral.com.ar,,-51.6221733,-69.2166528,localización precisa,Municipalidad de Río Gallegos - Red de Ciudades Creativas,Privado,Sí,2019
78021040,78,78021,,Diarios Impresos,Santa Cruz,Guer Aike,Rio Gallegos,Tiempo Sur,Comodoro Rivadavia 175,,9400,2966,423078,redaccion@tiemposur.com.ar,www.tiemposur.com.ar,,-51.6213800,-69.2103400,localización precisa,SInCA,Privado,Sí,2019
82014050,82,82014,,Diarios Impresos,Santa Fe,Caseros,Casilda,La Voz del Pueblo ,MItre 2169,,2170,3464,422787,lavozdecasilda@gmail.com,http://lavozcasilda.com.ar,,-33.0454680,-61.1696680,localización precisa,Diarios Argentinos.com,Privado,Sí,2019
82014050,82,82014,,Diarios Impresos,Santa Fe,Caseros,Casilda,Periódico La Vidriera De Casilda,Buenos Aires  2052// Bvd. 25 de Mayo 2603,LOCAL 7 - PB,2170,3464,421221,cristinadichiara@lavidrieradecasilda.com.ar,-,Periodico,-33.0439200,-61.1657420,localización precisa,Periodico La Vidriera de Casilda,Privado,Sí,2019
82070050,82,82070,,Diarios Impresos,Santa Fe,Las Colonias,Esperanza,Edicion Uno ,Sarmiento 2236 ,Local 2,3080,3496,426497,edicionuno@edicionuno.com.ar,https://www.edicionuno.com.ar,,-31.4475340,-60.9310730,localización precisa,Diarios Argentinos.com,Privado,Sí,2019
82070050,82,82070,,Diarios Impresos,Santa Fe,Las Colonias,Esperanza,Esperanza Dia Por Dia,s/d,,3080,,,,www.esperanzadiaxdia.com.ar,,-31.4489860,-60.9303660,localización por localidad,SInCA,Privado,Sí,2019
82084140,82,82084,,Diarios Impresos,Santa Fe,Rosario,Funes,La Verdad Funense,Juan Elorza 1669,,2132,341,4932595,laverdadfunense@funescoop.com.ar,https://es-la.facebook.com/laverdad.funense/,Semanario,-32.9160030,-60.8132780,localización precisa,SInCA,Privado,Sí,2019
82021310,82,82021,,Diarios Impresos,Santa Fe,Castellanos,Rafaela,Diario Castellanos ,Bv. Lehmann 857,,2300,3492,578221,editoradelcentro@diariocastellanos.net,https://diariocastellanos.net.ar/,,-31.2438390,-61.4897730,localización precisa,Diarios Argentinos.com,Privado,Sí,2019
82021310,82,82021,,Diarios Impresos,Santa Fe,Castellanos,Rafaela,La Opinion,Lavalle 153,,2300,3492,426821,diario@laopinion-rafaela.com.ar,www.laopinion-rafaela.com.ar,,-31.2514390,-61.4903050,localización precisa,SInCA,Privado,Sí,2019
82084270,82,82084,,Diarios Impresos,Santa Fe,Rosario,Rosario,El Ciudadano ,Brown 2793,,2000,341,4353798,ventas@elciudadanoweb.com,https://www.elciudadanoweb.com/,,-32.9330580,-60.6589360,localización precisa,Diarios Argentinos.com,Privado,Sí,2019
82084270,82,82084,,Diarios Impresos,Santa Fe,Rosario,Rosario,El Eslabon ,s/d,,2000,341,4353719,eleslabon@gmail.com,https://periodicoeleslabon.com/,,-32.9538143,-60.6515379,localización por localidad,Diarios Argentinos.com,Privado,Sí,2019
82084270,82,82084,,Diarios Impresos,Santa Fe,Rosario,Rosario,La Capital,Sarmiento 763,,2000,341,5226000,,www.lacapital.com.ar,,-32.9459850,-60.6381160,localización precisa,IVC,Privado,Sí,2019
82084270,82,82084,,Diarios Impresos,Santa Fe,Rosario,Rosario,Rosario 12,San Lorenzo 1131,Piso 2,2000,341,4215812,info@rosario-12.com.ar,www.rosario-12.com.ar,,-32.9440860,-60.6380920,localización precisa,SInCA,Privado,Sí,2019
82105240,82,82105,,Diarios Impresos,Santa Fe,San Jeronimo,San Genaro,Convergencia ,s/d,,2146,,,,http://www.convergenciaonline.com.ar,,-32.3735384,-61.3606569,localización por localidad,Diarios Argentinos.com,Privado,Sí,2019
82063170,82,82063,,Diarios Impresos,Santa Fe,La Capital,Santa Fe,El Litoral,Av. 25 de Mayo 3536,,3000,342,4502500,litoral@litoral.com.ar,www.litoral.com.ar,,-31.6351860,-60.7025720,localización precisa,IVC,Privado,Sí,2019
82063170,82,82063,,Diarios Impresos,Santa Fe,La Capital,Santa Fe,El Santafecino,S/D,,3000,,,redaccion@elsantafesino.com,www.elsantafesino.com,Periodico,-31.6451648,-60.7093147,localización por localidad,SInCA,Privado,Sí,2019
82063170,82,82063,,Diarios Impresos,Santa Fe,La Capital,Santa Fe,Notife,Rivadavia 2851,,3000,342,4555511,correo@notife.com,www.notife.com,,-31.6432760,-60.7033130,localización precisa,Municipalidad de Santa Fe - Red de Ciudades Creativas,Privado,Sí,2019
82063170,82,82063,,Diarios Impresos,Santa Fe,La Capital,Santa Fe,Sin Mordaza,Sastre 4459,,3000,342,155005845,contacto@sinmordaza.com,www.sinmordaza.com,,-31.611715 , -60.708275,localización precisa,SInCA,Privado,Sí,2019
82063170,82,82063,,Diarios Impresos,Santa Fe,La Capital,Santa Fe,Uno ,Bulevar Gálvez 927,,3000,,,web.santafe@uno.com.ar,http://www.unosantafe.com.ar,,-31.6396270,-60.6850210,localización precisa,Diarios Argentinos.com,Privado,Sí,2019
82021360,82,82021,,Diarios Impresos,Santa Fe,Castellanos,Sunchales,El Eco de Sunchales,Santa Fe,,,3493,421146,eleco@elecodesunchales.com.ar,www.elecosunchales.com.ar,,-30.9498020,-61.5625940,localización precisa,SInCA,Privado,Sí,2019
82028230,82,82028,,Diarios Impresos,Santa Fe,Constitucion,Villa Constitucion,El Sur ,Rivadavia 1215,,,3400,457181,diariolajornada@gmail.com,http://www.elsurdiario.com.ar/,,-33.2273800,-60.3288610,localización precisa,Diarios Argentinos.com,Privado,Sí,2019
82049230,82,82049,,Diarios Impresos,Santa Fe,General Obligado,Villa Ocampo,Villa Ocampo SF,Spontón 1426,,,353,4528080,,http://www.villaocamposf.com.ar,,-28.4886780,-59.3593650,localización precisa,Diarios Argentinos.com,Privado,Sí,2019
86042010,86,86042,,Diarios Impresos,Santiago del Estero,Belgrano,Bandera,Sur Santiagueno ,MItre s/n,,3064,3857,421669,periodicosursantiago@gmail.com,http://www.sursantiago.com.ar,,-28.8825052,-62.2661993,localización precisa,Diarios Argentinos.com,Privado,Sí,2019
86161030,86,86161,,Diarios Impresos,Santiago del Estero,Robles,Fernandez,El Progreso,Octavio Lascano S/N,,,385,154750343,info@elprogresoweb.com.ar,www.elprogresoweb.com.ar,,-27.9243600,-63.8933610,localización precisa,SInCA ,Privado,Sí,2019
86049110,86,86049,,Diarios Impresos,Santiago del Estero,Capital,Santiago del Estero,El Liberal,Libertad 263,,4200,385,4224400,redaccion@elliberal.com.ar,www.elliberal.com.ar,,-27.7858950,-64.2582110,localización precisa,IVC,Privado,Sí,2019
86049110,86,86049,,Diarios Impresos,Santiago del Estero,Capital,Santiago del Estero,Nuevo Diario,9 de Julio  390,,4200,385,4213230,,www.nuevodiarioweb.com.ar,,-27.7871010,-64.2556250,localización precisa,SInCA,Privado,Sí,2019
94007010,94,94007,,Diarios Impresos,Tierra del Fuego,Rio Grande,Rio Grande,El Sureno,9 de Julio 431,,9420,2964,433039,info@surenio.com.ar,www.surenio.com.ar,,-53.7872980,-67.6929840,localización precisa,SInCA,Privado,Sí,2019
94007010,94,94007,,Diarios Impresos,Tierra del Fuego,Rio Grande,Rio Grande,Provincia 23,Sabattini   25,,9420,2964,426334,provincia23@speedy.com.ar,www.p23.com.ar,,-53.7864090,-67.7248250,localización precisa,SInCA,Privado,Sí,2019
94007010,94,94007,,Diarios Impresos,Tierra del Fuego,Rio Grande,Rio Grande,Tiempo Fueguino,Espora 781,,9420,2964,426791,,www.tiempofueguino.com.ar,,-53.7887730,-67.6987030,localización precisa,SInCA,Privado,Sí,2019
94014020,94,94014,,Diarios Impresos,Tierra del Fuego,Ushuaia,Ushuaia,DIARIO PRENSA,Gral. Juan Manuel Rosas 549,,9410,2901,423520,diarioprensa@hotmail.com,www.diarioprensatdf.com,,-54.8040796,-68.3131473,localización precisa,Secretaria de Cultura  Provnicial TDF,Privado,Sí,2019
94014020,94,94014,,Diarios Impresos,Tierra del Fuego,Ushuaia,Ushuaia,El Diario del Fin del Mundo,Campos 758,,9410,2901,435713,info@eldiariodelfindelmundo.com,www.eldiariodelfindelmundo.com,,-54.8050120,-68.3103960,localización precisa,SInCA,Privado,Sí,2019
90084010,90,90084,,Diarios Impresos,Tucumán,Capital,San Miguel de Tucuman,El Siglo,Maipu 70,Piso 6,4000,381,4301010,digital@elsigloweb.com,www.elsigloweb.com,,-26.8295770,-65.2074420,localización precisa,SInCA,Privado,Sí,2019
90084010,90,90084,,Diarios Impresos,Tucumán,Capital,San Miguel de Tucuman,La Gaceta,Mendoza 654,,4000,381,4842200,,www.lagaceta.com.ar,,-26.8279270,-65.2062060,localización precisa,IVC,Privado,Sí,2019