Cod_Loc,IdProvincia,IdDepartamento,Observacion,CategorÃ­a,Provincia,Departamento,Localidad,Nombre,Domicilio,Piso,CP,cod_area,TelÃ©fono,Mail,Web,InformaciÃ³n adicional,Latitud,Longitud,TipoLatitudLongitud,Fuente,tipo_gestion,digital,aÃ±o_act
6854100,6,6854,,Diarios Impresos,Buenos Aires,25 de Mayo,25 de Mayo,La maÃ±ana,Calle 11 ,,,2345.0,466220.0,,http://www.lamanana.com.ar/,,-35.4362310,-60.1739860,localizaciÃ³n precisa,Diarios Argentinos.com,Privado,SÃ­,2019
6588100,6,6588,,Diarios Impresos,Buenos Aires,9 de Julio,9 de Julio,El 9 de JulioÂ ,Av. Vedia 198,,,2317.0,6111112.0,redaccion@diarioel9dejulio.com.ar,http://www.diarioel9dejulio.com.ar/,,-35.4522590,-60.8782870,localizaciÃ³n precisa,Diarios Argentinos.com,Privado,SÃ­,2019
6077010,6,6077,,Diarios Impresos,Buenos Aires,Arrecifes,Arrecifes,Imagen de ArrecifesÂ ,EuskalerrÃ­a 493,,,2478.0,451945.0,redaccion@diarioimagen.com.ar,,,-34.0640070,-60.1091120,localizaciÃ³n precisa,Diarios Argentinos.com,Privado,SÃ­,2019
6035010,6,6035,,Diarios Impresos,Buenos Aires,Avellaneda,Avellaneda,Diario Popular,Estrada 1969,,1872.0,11.0,42042778.0,redaccion@d.popular.com.ar,www.d.popular.com.ar,,-34.6691770,-58.3527660,localizaciÃ³n precisa,Industrias Culturales Avellaneda,Privado,SÃ­,2019
6035010,6,6035,,Diarios Impresos,Buenos Aires,Avellaneda,Avellaneda,La Ciudad de Avellaneda,Lamadrid 125,,1870.0,11.0,42226705.0,laciudad@infovia.com.ar,www.laciudadavellaneda.com.ar/facebook Diario la Ciudad (de Avellaneda),,-34.6640230,-58.3592490,localizaciÃ³n precisa,SInCA/ Industrias Culturales de Avellaneda,Privado,SÃ­,2019
6049020,6,6049,,Diarios Impresos,Buenos Aires,Azul,Azul,El TiempoÂ ,Belgrano 451,,,2281.0,426155.0,administracion@diarioeltiempo.com.ar,https://www.diarioeltiempo.com.ar/,,-36.7769320,-59.8617840,localizaciÃ³n precisa,Diarios Argentinos.com,Privado,SÃ­,2019
6056010,6,6056,,Diarios Impresos,Buenos Aires,Bahia Blanca,Bahia Blanca,La Nueva Provincia,Rodriguez 55,,8000.0,291.0,4590000.0,info@lanueva.coma,www.lanueva.com,,-38.7159230,-62.2676750,localizaciÃ³n precisa,SInCA,Privado,SÃ­,2019
6056010,6,6056,,Diarios Impresos,Buenos Aires,Bahia Blanca,Bahia Blanca,Sexta SeccionÂ ,Ciudad de Cali y gral. Angel PeÃ±aloza,,,,,,https://www.lasextaseccion.com.ar/,,-38.6673420,-62.2733200,localizaciÃ³n precisa,Diarios Argentinos.com,Privado,SÃ­,2019
6063010,6,6063,,Diarios Impresos,Buenos Aires,Balcarce,Balcarce,La Vanguardia,Av. Chaves  280,Piso 1,7620.0,2266.0,422477.0,info@diariolavanguardia.com,www.diariolavanguardia.com,,-37.8441740,-58.2524320,localizaciÃ³n precisa,SInCA,Privado,SÃ­,2019
6063010,6,6063,,Diarios Impresos,Buenos Aires,Balcarce,Balcarce,El Diario,Calle 17 NÂ° 792,,7620.0,2266.0,431500.0,elsemanal@infovia.com.ar,http://eldiariobalcarce.com.ar/,,-37.8502480,-58.2529600,localizaciÃ³n precisa,SInCA,Privado,SÃ­,2019
6084020,6,6084,,Diarios Impresos,Buenos Aires,Benito Juarez,Benito Juarez,El FenixÂ ,Av. Libertad 50,,,2292.0,451277.0,info@elfenixdigital.com,https://www.elfenixdigital.com,,-37.6729100,-59.8056150,localizaciÃ³n precisa,Diarios Argentinos.com,Privado,SÃ­,2019
6098010,6,6098,,Diarios Impresos,Buenos Aires,Berisso,Berisso,El Mundo de BerissoÂ ,Av.Montevideo 1400,.,,221.0,4612621.0,redaccion@semanarioelmundo.com.ar,https://semanarioelmundo.com.ar,,-34.8715560,-57.8769310,localizaciÃ³n precisa,Diarios Argentinos.com,Privado,SÃ­,2019
6105060,6,6105,,Diarios Impresos,Buenos Aires,Bolivar,Bolivar,La MaÃ±anaÂ ,Alvear 47,,,2314.0,424600.0,,http://www.diariolamanana.com.ar,,-36.2325180,-61.1123970,localizaciÃ³n precisa,Diarios Argentinos.com,Privado,SÃ­,2019
6112010,6,6112,,Diarios Impresos,Buenos Aires,Bragado,Bragado,La Voz de Bragado,I. Suarez 326,,,2342.0,430200.0,lavozdebragado@speedy.com.ar,www.lavozdebragado.com.ar,,-35.1149480,-60.4847750,localizaciÃ³n precisa,SInCA,Privado,SÃ­,2019
6126030,6,6126,,Diarios Impresos,Buenos Aires,Campana,Campana,La Autentica DefensaÂ ,Av. Ing. Rocca 161,,,3489.0,423631.0,info@laautenticadefensa.com.ar,,,-34.1596720,-58.9589330,localizaciÃ³n precisa,Diarios Argentinos.com,Privado,SÃ­,2019
6147030,6,6147,,Diarios Impresos,Buenos Aires,Carlos Casares,Carlos Casares,El OesteÂ ,Hipolito Yrigoyen 155,,,2395.0,452646.0,info@periodicoeloeste.com.ar,http://www.periodicoeloeste.com/,PeriÃ³dico,-35.6253240,-61.3619160,localizaciÃ³n precisa,Diarios Argentinos.com,Privado,SÃ­,2019
6147030,6,6147,,Diarios Impresos,Buenos Aires,Carlos Casares,Carlos Casares,Nueva imagen,Almirante Brown 138,,,2395.0,451030.0,,https://www.periodiconuevaimagen.com.ar,,-35.6210800,-61.3630300,localizaciÃ³n precisa,SInCA,Privado,SÃ­,2019
6217010,6,6217,,Diarios Impresos,Buenos Aires,Chascomus,Chascomus,Diario El Fuerte,Belgrano  174,,,2241.0,423096.0,,www.prensaescrita.com/adiario.php?codigo=ARG&pagina=usuarios.advance.com.ar/elfuerte,,-35.5743400,-58.0149560,localizaciÃ³n precisa,SInCA,Privado,SÃ­,2019
6217010,6,6217,,Diarios Impresos,Buenos Aires,Chascomus,Chascomus,El Cronista,Moreno 46,,,2241.0,422758.0,,www.elcronistadiario.com,,-35.5781280,-58.0107070,localizaciÃ³n precisa,SInCA,Privado,SÃ­,2019
6224010,6,6224,,Diarios Impresos,Buenos Aires,Chivilcoy,Chivilcoy,La Razon de Chivilcoy,Sarmiento  74,,,2346.0,434900.0,redaccion@larazondechivilcoy.com.ar,www.larazondechivilcoy.com.ar,,-34.8985180,-60.0169680,localizaciÃ³n precisa,SInCA,Privado,SÃ­,2019
6196010,6,6196,,Diarios Impresos,Buenos Aires,Coronel Pringles,Coronel Pringles,El Diario de PringlesÂ ,ColÃ³n NÂ° 848,,,2922.0,463874.0,eldiario@pringles.com.ar,http://www.eldiariodepringles.com.ar/,,-37.9881930,-61.3527450,localizaciÃ³n precisa,Diarios Argentinos.com,Privado,SÃ­,2019
6196010,6,6196,,Diarios Impresos,Buenos Aires,Coronel Pringles,Coronel Pringles,El orden,Leandro N. Alem 1022,,,2922.0,444187.0,,http://www.elorden.com/,,-37.9862070,-61.3519660,localizaciÃ³n precisa,SInCA,Privado,SÃ­,2019
6203020,6,6203,,Diarios Impresos,Buenos Aires,Coronel Suarez,Coronel Suarez,Nuevo DiaÂ ,JunÃ­n 98,,,2926.0,430380.0,,http://www.nuevodiadigital.com/,,-37.4586950,-61.9289130,localizaciÃ³n precisa,Diarios Argentinos.com,Privado,SÃ­,2019
6238010,6,6238,,Diarios Impresos,Buenos Aires,Dolores,Dolores,CompromisoÂ ,Moreno 101,,,2245.0,44245.0,,http://www.compromisodiario.com.ar/,,-36.3167290,-57.6804590,localizaciÃ³n precisa,Diarios Argentinos.com,Privado,SÃ­,2019
6252010,6,6252,,Diarios Impresos,Buenos Aires,Escobar,Escobar,El Diario de EscobarÂ ,Av. Belgrano 567,,,348.0,4422221.0,info@grupoeldiario.com,https://eldiariodeescobar.com.ar/,,-34.3456760,-58.7922850,localizaciÃ³n precisa,Diarios Argentinos.com,Privado,SÃ­,2019
6270010,6,6270,,Diarios Impresos,Buenos Aires,Ezeiza,Ezeiza,PeriÃ³dico la 205Â ,s/d,,1804.0,,,,http://www.la205.com.ar/,PeriÃ³dico,-34.8499165,-58.5228848,localizaciÃ³n por localidad,Diarios Argentinos.com,Privado,SÃ­,2019
6270010,6,6270,,Diarios Impresos,Buenos Aires,Ezeiza,Ezeiza,La Palabra de Ezeiza,TucumÃ¡n 142,,1804.0,11.0,42326274.0,ezeizaediciones@yahoo.com.ar,http://www.lapalabradeezeiza.com.ar/,,-34.8489910,-58.5224370,localizaciÃ³n precisa,Diarios Bonaerenses,Privado,SÃ­,2019
6274010,6,6274,,Diarios Impresos,Buenos Aires,Florencio Varela,Florencio Varela,Mi CiudadÂ ,Av. San Martin 733,,,11.0,42552595.0,diariomiciudadvarela@yahoo.com.ar,https://www.miciudadenlinea.com.ar/,,-34.7601350,-58.3003090,localizaciÃ³n precisa,Diarios Argentinos.com,Privado,SÃ­,2019
6274010,6,6274,,Diarios Impresos,Buenos Aires,Florencio Varela,Florencio Varela,Varela al DiaÂ ,Av.12 de Octubre NÂº 499,,,11.0,43555555.0,,http://varelaaldia.com.ar,,-34.8160200,-58.2717060,localizaciÃ³n precisa,Diarios Argentinos.com,Privado,SÃ­,2019
6277020,6,6277,,Diarios Impresos,Buenos Aires,Florentino Ameghino,General Ameghino,El Ojo AmeghinenseÂ ,BÂ° Obrero C. 46 ,,,2355.0,15456819.0,lamarcadelincoln@yahoo.com.ar,http://www.elojoenlinea.com.ar/,,-34.8466777,-62.4671576,localizaciÃ³n precisa,Diarios Argentinos.com,Privado,SÃ­,2019
6315010,6,6315,,Diarios Impresos,Buenos Aires,General Juan Madariaga,General Juan Madariaga,El Mensajero de La Costa,C. Madariaga  225,,,2267.0,424657.0,elmensajero@telpin.com.ar,www.diario-elmensajero.com.ar,,-36.9981020,-57.1375890,localizaciÃ³n precisa,SInCA,Privado,SÃ­,2019
6364030,6,6364,,Diarios Impresos,Buenos Aires,General Rodriguez,General Rodriguez,El VecinalÂ ,2 de Abril 775,,1748.0,237.0,4853470.0,semanarioelvecinal@gmail.com,https://es-la.facebook.com/elvecinal/,Semanario,-34.6068860,-58.9529610,localizaciÃ³n precisa,Diarios Argentinos.com,Privado,SÃ­,2019
6392050,6,6392,,Diarios Impresos,Buenos Aires,General Villegas,General Villegas,ActualidadÂ ,San MartÃ­n 223,,,3388.0,421315.0,info@diarioactualidad.com,http://diarioactualidad.com/,,-35.0306710,-63.0151230,localizaciÃ³n precisa,Diarios Argentinos.com,Privado,SÃ­,2019
6413050,6,6413,,Diarios Impresos,Buenos Aires,Junin,Junin,Democracia,Rivadavia 436,,,2362.0,446111.0,diario@diariodemocracia.com,www.diariodemocracia.com,,-34.5860210,-60.9505490,localizaciÃ³n precisa,SInCA,Privado,SÃ­,2019
6413050,6,6413,,Diarios Impresos,Buenos Aires,Junin,Junin,La Verdad,Roque Saenz Pena 167,,6000.0,2362.0,443610.0,laverdad@satlink.com.AR,www.laverdadonline.com,,-34.5901240,-60.9467710,localizaciÃ³n precisa,SInCA,Privado,SÃ­,2019
6441030,6,6441,,Diarios Impresos,Buenos Aires,La Plata,La Plata,Primera PaginaÂ ,Calle 7 NÂº 94,P 1 depto 11,,221.0,4210421.0,primerapaginadiario@yahoo.com.ar,http://primerapagina.info/,,-34.9020740,-57.9667040,localizaciÃ³n precisa,Diarios Argentinos.com,Privado,SÃ­,2019
6441030,6,6441,,Diarios Impresos,Buenos Aires,La Plata,La Plata,Diario Extra,Calle 49 535,Piso 1 ?3?,1900.0,221.0,4220054.0,info@diarioextra.com.ar,www.diarioextra.com.ar,,-34.9128820,-57.9488940,localizaciÃ³n precisa,SInCA,Privado,SÃ­,2019
6441030,6,6441,,Diarios Impresos,Buenos Aires,La Plata,La Plata,El Dia,Diagonal 80 817,,1900.0,221.0,4232996.0,correo@eldia.com,www.eldia.com.ar,,-34.9089100,-57.9489590,localizaciÃ³n precisa,IVC,Privado,SÃ­,2019
6441030,6,6441,,Diarios Impresos,Buenos Aires,La Plata,La Plata,El Plata Informador,Diagonal 80 817,,1900.0,221.0,4232996.0,,,,-34.9089100,-57.9489590,localizaciÃ³n precisa,IVC,Privado,SÃ­,2019
6441030,6,6441,,Diarios Impresos,Buenos Aires,La Plata,La Plata,Hoy ,Cnel. Dorrego  584,,,2474.0,15564814.0,,www.hoyrojas.com.ar,,-34.1952420,-60.7402400,localizaciÃ³n precisa,SInCA,Privado,SÃ­,2019
6469080,6,6469,,Diarios Impresos,Buenos Aires,Lincoln,Lincoln,La Posta del NoroesteÂ ,Andrade 746,,,2355.0,432683.0,redacciondiariolaposta@gmail.com,http://lapostadiario.com/,,-34.8665690,-61.5443290,localizaciÃ³n precisa,Diarios Argentinos.com,Privado,SÃ­,2019
6483040,6,6483,,Diarios Impresos,Buenos Aires,Lobos,Lobos,La Palabra de Lobos,Las Heras 38,,,2227.0,431800.0,lapalabradelobos@yahoo.com.ar,http://www.lapalabradelobos.com/,,-35.1861800,-59.0995110,localizaciÃ³n precisa,Diarios Bonaerenses,Privado,SÃ­,2019
6490010,6,6490,,Diarios Impresos,Buenos Aires,Lomas de Zamora,Lomas de Zamora,La Union,San Mart 673,,4700.0,,,digital@multimediosunion.com.ar,www.launiondigital.com.ar,,-28.4694180,-65.7773460,localizaciÃ³n precisa,SInCA,Privado,SÃ­,2019
6497060,6,6497,,Diarios Impresos,Buenos Aires,Lujan,Lujan,El Civismo,Dr. Muniz 654,,6700.0,2323.0,428466.0,,www.elcivismo.com.ar,,-34.5708620,-59.1151610,localizaciÃ³n precisa,SInCA,Privado,SÃ­,2019
6497060,6,6497,,Diarios Impresos,Buenos Aires,Lujan,Lujan,PresenteÂ ,Italia 1285,,6700.0,2323.0,435000.0,contacto@semanario-presente.com.ar,http://www.semanario-presente.com.ar/,Semanario,-34.5683660,-59.1180400,localizaciÃ³n precisa,Diarios Argentinos.com,Privado,SÃ­,2019
6511020,6,6511,,Diarios Impresos,Buenos Aires,Maipu,Maipu,Semana MaipuenseÂ ,s/d,,,2268.0,15403648.0,semanamaipuense@hotmail.com,https://www.facebook.com/elsemanariodemaipu/,,-36.8648515,-57.8829166,localizaciÃ³n por localidad,Diarios Argentinos.com,Privado,SÃ­,2019
6357110,6,6357,,Diarios Impresos,Buenos Aires,General Pueyrredon,Mar del Plata,La Capital de Mar del Plata,Av. M. Champagnat  2551,,7604.0,223.0,4788490.0,contacto@lacapitalmdq.com.ar,www.lacapitalmdp.com/,,-37.9879100,-57.5889220,localizaciÃ³n precisa,SInCA,Privado,SÃ­,2019
6420040,6,6420,,Diarios Impresos,Buenos Aires,La Costa,Mar del TuyÃº ,PioneroÂ ,calle 75bis NÂ°85,,,2246.0,434420.0,,http://diariopionero.com.ar/,,-36.5778090,-56.6901110,localizaciÃ³n precisa,Diarios Argentinos.com,Privado,SÃ­,2019
6532020,6,6532,,Diarios Impresos,Buenos Aires,Mercedes,Mercedes,El Nuevo CronistaÂ ,Calle 5 NÂº 619,,,2324.0,426372.0,,http://www.nuevocronista.com/,,-34.6520730,-59.4199590,localizaciÃ³n precisa,Diarios Argentinos.com,Privado,SÃ­,2019
6532020,6,6532,,Diarios Impresos,Buenos Aires,Mercedes,Mercedes,Los Protagonistas,Calle 14 671,,6600.0,2324.0,423884.0,info@sprotagonistas.com.ar,www.sprotagonistas.com.ar,,-34.6550750,-59.4325610,localizaciÃ³n precisa,SInCA,Privado,SÃ­,2019
6568010,6,6568,,Diarios Impresos,Buenos Aires,Moron,Moron,El Diario de Moron,San Martin 134,,1708.0,11.0,46288049.0,eldiariodemoron@yahoo.com.ar,www.eldiariodemoron.com.ar,,-34.6496290,-58.6226660,localizaciÃ³n precisa,SInCA,Privado,SÃ­,2019
6581040,6,6581,,Diarios Impresos,Buenos Aires,Necochea,Necochea - Quequen,Ecos Diarios,Calle 62 2486,,7630.0,2262.0,430754.0,ecosdiar@satlink.coma,www.ecosdiarios.com,,-38.5496400,-58.7375700,localizaciÃ³n precisa,SInCA,Privado,SÃ­,2019
6595070,6,6595,,Diarios Impresos,Buenos Aires,Olavarria,Olavarria,El Popular,Vicente Lopez 2626,,7400.0,2294.0,420502.0,director@elpopular.com.ara,www.diarioelpopular.com.ara,,-36.8942530,-60.3247800,localizaciÃ³n precisa,SInCA,Privado,SÃ­,2019
6609080,6,6609,,Diarios Impresos,Buenos Aires,Pehuajo,Pehuajo,NoticiasÂ ,Varela 722,,6450.0,2396.0,472156.0,,http://noticiaspehuajo.com/,,-35.8101630,-61.9028530,localizaciÃ³n precisa,Diarios Argentinos.com,Privado,SÃ­,2019
6623100,6,6623,,Diarios Impresos,Buenos Aires,Pergamino,Pergamino,El TiempoÂ ,Rivadavia 42,,,2477.0,440665.0,clasificados@eltiempodepergamino.com,,,-33.8881800,-60.5763310,localizaciÃ³n precisa,Diarios Argentinos.com,Privado,SÃ­,2019
6623100,6,6623,,Diarios Impresos,Buenos Aires,Pergamino,Pergamino,La Opinion,San Nicolas 400,,2700.0,2477.0,437755.0,redaccion@bbt11.com.ar,www.laopinion-pergamino.com.ar,,-33.8929270,-60.5723630,localizaciÃ³n precisa,SInCA,Privado,SÃ­,2019
6638040,6,6638,,Diarios Impresos,Buenos Aires,Pilar,Pilar,Diario Pilar Regional,Pedro Lagrave 254,,1629.0,230.0,4666066.0,,https://www.pilaradiario.com/,,-34.4569330,-58.9091590,localizaciÃ³n precisa,Diarios Argentinos.com,Privado,SÃ­,2019
6638040,6,6638,,Diarios Impresos,Buenos Aires,Pilar,Pilar,ResumenÂ ,San Martin 128,,1629.0,230.0,4430868.0,,https://diarioresumen.com.ar,,-34.4525670,-58.9157240,localizaciÃ³n precisa,SInCA,Privado,SÃ­,2019
6638040,6,6638,,Diarios Impresos,Buenos Aires,Pilar,Pilar,ResumenÂ ,San MartÃ­n 128,,1629.0,,,redaccion@diarioresumen.com.ar,https://diarioresumen.com.ar/,,-34.4525680,-58.9157410,localizaciÃ³n precisa,Diarios Argentinos.com,Privado,SÃ­,2019
6658010,6,6658,,Diarios Impresos,Buenos Aires,Quilmes,Quilmes,El Sol,Av. HipÃ³lito Yrigoyen 122,,1878.0,11.0,42576325.0,,http://elsolnoticias.com.ar/,,-34.7156920,-58.2659210,localizaciÃ³n precisa,SInCA,Privado,SÃ­,2019
6658010,6,6658,,Diarios Impresos,Buenos Aires,Quilmes,Quilmes,Perspectiva Sur,Mitre 815,,1878.0,11.0,42571182.0,redaccion@perspectivasur.com,www.perspectivasur.com,,-34.7241270,-58.2520150,localizaciÃ³n precisa,SInCA,Privado,SÃ­,2019
6686060,6,6686,,Diarios Impresos,Buenos Aires,Rojas,Rojas,El Nuevo Diario RojenseÂ ,Lavalle 471,,2705.0,2475.0,466000.0,administracion@elnuevorojense.com.ar,http://www.elnuevorojense.com.ar,,-34.1973040,-60.7359600,localizaciÃ³n precisa,Diarios Argentinos.com,Privado,SÃ­,2019
6686060,6,6686,,Diarios Impresos,Buenos Aires,Rojas,Rojas,Hoy Rojas,Dorrego 580,,2705.0,221.0,4338900.0,info@diariohoy.net,www.diariohoy.net,,-34.1974570,-60.7366830,localizaciÃ³n precisa,SInCA,Privado,SÃ­,2019
6728040,6,6728,,Diarios Impresos,Buenos Aires,San Andres de Giles,San Andres de Giles,La Libertad,Belgrano 321,,,2325.0,440846.0,la-libertad@ar.inter.net,www.la-libertad.com.ar,,-34.4464190,-59.4430730,localizaciÃ³n precisa,SInCA,Privado,SÃ­,2019
6420020,6,6420,,Diarios Impresos,Buenos Aires,La Costa,San Bernardo,Opinion de la CostaÂ ,Av. San Bernardo 1617,,,2257.0,464700.0,,http://www.diarioopinion.com.ar/,,-36.6871670,-56.6942010,localizaciÃ³n precisa,Diarios Argentinos.com,Privado,SÃ­,2019
6427010,6,6427,,Diarios Impresos,Buenos Aires,La Matanza,San Justo,NCOÂ ,MonseÃ±or MarcÃ³n 2584,1er,,11.0,44414936.0,diarionco@gmail.com,https://diario-nco.com/,,-34.6746590,-58.5673330,localizaciÃ³n precisa,Diarios Argentinos.com,Privado,SÃ­,2019
6763050,6,6763,,Diarios Impresos,Buenos Aires,San Nicolas,San Nicolas de los Arroyos,El Norte,Francia 64,,2900.0,3461.0,422112.0,diarioelnorte@diarioelnorte.com.ara,www.diarioelnorte.com.ara,,-33.3292290,-60.2181670,localizaciÃ³n precisa,SInCA,Privado,SÃ­,2019
6770050,6,6770,,Diarios Impresos,Buenos Aires,San Pedro,San Pedro,El Diario de San Pedro,BartolomÃ© Mitre 1085,,,3329.0,420400.0,,http://eldiariodesanpedro.com.ar/sitio/,,-33.6807400,-59.6670960,localizaciÃ³n precisa,SInCA,Privado,SÃ­,2019
6770050,6,6770,,Diarios Impresos,Buenos Aires,San Pedro,San Pedro,La Opinion Semanario,San Martin 73,,,3329.0,420100.0,laopinion@laopinionsemanario.com.ar,www.laopinionsemanario.com.ar,,-33.6782880,-59.6647340,localizaciÃ³n precisa,SInCA,Privado,SÃ­,2019
6357120,6,6357,,Diarios Impresos,Buenos Aires,General Pueyrredon,Sierra de los Padres,Nueva SierraÂ ,s/d,,,,,,http://www.nuevasierra.com.ar/,,-37.9541667,-57.7715971,localizaciÃ³n por localidad,Diarios Argentinos.com,Privado,SÃ­,2019
6791050,6,6791,,Diarios Impresos,Buenos Aires,Tandil,Tandil,El Eco de Tandil,H. Yrigoyen 560,,7000.0,2292.0,446046.0,diarioeleco@poraire.net,www.eleco.com.ar,,-37.3273500,-59.1378320,localizaciÃ³n precisa,SInCA,Privado,SÃ­,2019
6791050,6,6791,,Diarios Impresos,Buenos Aires,Tandil,Tandil,La Voz de TandilÂ ,Av. Santamaria,,7000.0,249.0,4448008.0,,https://www.lavozdetandil.com.ar/,,-37.3226520,-59.1314100,localizaciÃ³n precisa,Diarios Argentinos.com,Privado,SÃ­,2019
6791050,6,6791,,Diarios Impresos,Buenos Aires,Tandil,Tandil,Nueva Era,Gral. Rodriguez 445,,7000.0,2293.0,422085.0,nuevaera@infovia.com.ara,www.nuevaeranet.com.ar,,-37.3283110,-59.1356640,localizaciÃ³n precisa,SInCA,Privado,SÃ­,2019
6515010,6,6515,,Diarios Impresos,Buenos Aires,Malvinas Argentinas,Tortuguitas,Tiempo de TortuguitasÂ ,s/d,,,11.0,1551620667.0,tiempodetortuguitas@hotmail.com,http://www.tiempodetortuguitas.com.ar/,,-34.4941030,-58.7005058,localizaciÃ³n por localidad,Diarios Argentinos.com,Privado,SÃ­,2019
6826050,6,6826,,Diarios Impresos,Buenos Aires,Trenque Lauquen,Trenque Lauquen,La OpinionÂ ,Roca 752,,6400.0,2392.0,410434.0,,http://laopinion.com.ar,,-35.9763840,-62.7327750,localizaciÃ³n precisa,Diarios Argentinos.com,Privado,SÃ­,2019
6833100,6,6833,,Diarios Impresos,Buenos Aires,Tres Arroyos,Tres Arroyos,El Periodista,Av del Trabajador 840,,,2983.0,15646223.0,,www.elperiodista3a.com.ar,,-38.3892730,-60.2760710,localizaciÃ³n precisa,SInCA,Privado,SÃ­,2019
6833100,6,6833,,Diarios Impresos,Buenos Aires,Tres Arroyos,Tres Arroyos,La Voz del Pueblo,Av San Martin 991,,,,,S/D,www.lavozdelpueblo.com.ar,,-38.3696080,-60.2854860,localizaciÃ³n precisa,SInCA,Privado,SÃ­,2019
6861010,6,6861,,Diarios Impresos,Buenos Aires,Vicente Lopez,Vicente Lopez,Lo NuestroÂ ,Monteverde 3297,,,11.0,47946638.0,diariolonuestro@gmail.com,https://www.diariolonuestro.com.ar/,,-34.5068110,-58.4939560,localizaciÃ³n precisa,Diarios Argentinos.com,Privado,SÃ­,2019
6868020,6,6868,,Diarios Impresos,Buenos Aires,Villa Gesell,Villa Gesell,El FundadorÂ ,"Av. 3 y Paseo 106 - GalerÃ­a Futura, local 7",,,3400.0,457181.0,,http://elsurdiario.com.ar,,-37.2587280,-56.9701530,localizaciÃ³n precisa,Diarios Argentinos.com,Privado,SÃ­,2019
6882050,6,6882,,Diarios Impresos,Buenos Aires,Zarate,Zarate,El Debate,Justa Lima de Atucha 950,,2800.0,387.0,432000.0,info@eldebate.com.ar,www.eldebate.com.ar,,-34.1029700,-59.0193050,localizaciÃ³n precisa,SInCA,Privado,SÃ­,2019
6882050,6,6882,,Diarios Impresos,Buenos Aires,Zarate,Zarate,La Voz de Zarate,Alte. Brown 742,,2800.0,387.0,420855.0,diariolavozdezarate@cabletel.net.ar,http://www.diariolavozdezarate.com/,,-34.1018370,-59.0215090,localizaciÃ³n precisa,SInCA,Privado,SÃ­,2019
10049030,10,10049,,Diarios Impresos,Catamarca,Capital,San Fernando del Valle de Catamarca,El Ancasti,Sarmiento 518,Piso 1,4700.0,383.0,431385.0,lector@elancasti.net.ar,www.elancasti.com.ar,,-28.4672990,-65.7799440,localizaciÃ³n precisa,IVC,Privado,SÃ­,2019
10049030,10,10049,,Diarios Impresos,Catamarca,Capital,San Fernando del Valle de Catamarca,El EsquiÃº,Esquiu 843,,4700.0,383.0,4453001.0,,https://www.elesquiu.com/,,-28.4668310,-65.7747920,localizaciÃ³n precisa,SInCA,Privado,SÃ­,2019
22140060,22,22140,,Diarios Impresos,Chaco,San Fernando,Resistencia,El Diario de la RegionÂ ,JosÃ© HernÃ¡ndez 280,,3500.0,362.0,4450502.0,eldiariodelaregion@hotmail.com,https://www.eldiariodelaregion.com.ar/,,-27.4544410,-58.9777620,localizaciÃ³n precisa,Diarios Argentinos.com,Privado,SÃ­,2019
22140060,22,22140,,Diarios Impresos,Chaco,San Fernando,Resistencia,Norte,Carlos Pellegrini 744,,3500.0,3722.0,428204.0,m_diaz@diarionorte.com,www.diarionorte.com,,-27.4468320,-58.9783930,localizaciÃ³n precisa,IVC,Privado,SÃ­,2019
22140060,22,22140,,Diarios Impresos,Chaco,San Fernando,Resistencia,Primera Linea,25 de Mayo  264,,3500.0,3722.0,447777.0,redaccion@diarioprimeralinea.com.ar,www.diarioprimeralinea.com.ar/,,-27.4491880,-58.9888350,localizaciÃ³n precisa,SInCA,Privado,SÃ­,2019
22140060,22,22140,,Diarios Impresos,Chaco,San Fernando,Resistencia,La voz del Chaco,Salta 285,,3500.0,362.0,4849077.0,redaccion@diariolavozdelchaco.com,http://www.diariolavozdelchaco.com,,-27.4512630,-58.9915540,localizaciÃ³n precisa,SInCA,Privado,SÃ­,2019
22140060,22,22140,,Diarios Impresos,Chaco,San Fernando,Resistencia,Diario Chaco,Mitre 593,,3500.0,362.0,4413998.0,,http://www.diariochaco.com/,,-27.4456860,-58.9822930,localizaciÃ³n precisa,SInCA,Privado,SÃ­,2019
26021030,26,26021,,Diarios Impresos,Chubut,Escalante,Comodoro Rivadavia,Cronica,Namuncura 122,,,,,cronica@diariocronica.com.ar,www.diariocronica.com.ar/,,-45.8724090,-67.4992230,localizaciÃ³n precisa,SInCA,Privado,SÃ­,2019
26021030,26,26021,,Diarios Impresos,Chubut,Escalante,Comodoro Rivadavia,El Patagonico,Sarmiento 569,,,297.0,4462728.0,redaccion@elpatagonico.net,www.elpatagonico.net,,-45.8599720,-67.4825530,localizaciÃ³n precisa,SInCA,Privado,SÃ­,2019
26035030,26,26035,,Diarios Impresos,Chubut,Futaleufu,Esquel,Paginas del SurÂ ,Belgrano 563,,,,,,http://paginasdelsur.com.ar/,,-42.9160760,-71.3222680,localizaciÃ³n precisa,Diarios Argentinos.com,Privado,SÃ­,2019
26035030,26,26035,,Diarios Impresos,Chubut,Futaleufu,Esquel,La Portada,Gral. Roca 659,,,2945.0,450417.0,redaccion@diariolaportada.com.ar,http://diariolaportada.com.ar/,,-42.9145620,-71.3221360,localizaciÃ³n precisa,SInCA,Privado,SÃ­,2019
26007020,26,26007,,Diarios Impresos,Chubut,Biedma,Puerto Madryn,Diario El Chubut,Roque Saenz PeÃ±a 61,,9120.0,280.0,4455555.0,elchubut-madryn@speedy.com.ar,www.elchubut.com.ar,,-42.7649575,-65.0350285,localizaciÃ³n precisa,Municipalidad de Puerto Madryn,Privado,SÃ­,2019
26007020,26,26007,,Diarios Impresos,Chubut,Biedma,Puerto Madryn,Diario Jornada,Marcos A. Zar 857,,9120.0,280.0,4458851.0,administracionmadryn@grupojornada.com,www.diariojornada.com.ar,,-42.7726308,-65.0346482,localizaciÃ³n precisa,Municipalidad de Puerto Madryn -  Red de Ciudades Creativas,Privado,SÃ­,2019
26007020,26,26007,,Diarios Impresos,Chubut,Biedma,Puerto Madryn,El Diario de Madryn,9 de Julio 367,,9120.0,,,redaccion@diariodemadryn.com,https://www.eldiariodemadryn.com/,,-42.7720760,-65.0457780,localizaciÃ³n precisa,SInCA,Privado,SÃ­,2019
26007040,26,26007,,Diarios Impresos,Chubut,Biedma,Trelew,El Chubut,9 de Julio 329,Piso 1,9100.0,2965.0,434802.0,info@elchubut.com.ar,www.diarioelchubut.com.ar,,-43.2520300,-65.3118310,localizaciÃ³n precisa,SInCA,Privado,SÃ­,2019
2000010,2,2000,,Diarios Impresos,Ciudad AutÃ³noma de Buenos Aires,Ciudad Autonoma de Buenos Aires,Ciudad Autonoma de Buenos Aires,Ambito Financiero,Av. Paseo Colon 1196,,1063.0,11.0,43491500.0,mensajesaleditor@ambitoweb.com,www.ambitoweb.com,,-34.6216290,-58.3683140,localizaciÃ³n precisa,SInCA,Privado,SÃ­,2019
2000010,2,2000,,Diarios Impresos,Ciudad AutÃ³noma de Buenos Aires,Ciudad Autonoma de Buenos Aires,Ciudad Autonoma de Buenos Aires,Argentinisches Tageblatt,Ciudad de La Paz  1410,,1426.0,11.0,47825104.0,info@tageblatt.com.ar,www.tageblatt.com.ar/,,-34.5681570,-58.4518750,localizaciÃ³n precisa,SInCA,Privado,SÃ­,2019
2000010,2,2000,,Diarios Impresos,Ciudad AutÃ³noma de Buenos Aires,Ciudad Autonoma de Buenos Aires,Ciudad Autonoma de Buenos Aires,Buenos Aires Economico,Soler 6026,,,,,,https://www.baenegocios.com/,,-34.5774470,-58.4369230,localizaciÃ³n precisa,SInCA,Privado,SÃ­,2019
2000010,2,2000,,Diarios Impresos,Ciudad AutÃ³noma de Buenos Aires,Ciudad Autonoma de Buenos Aires,Ciudad Autonoma de Buenos Aires,Clarin,Tacuari  1842,,,11.0,43097500.0,lectores@clarin.com.ar,www.clarin.com,,-34.6295830,-58.3750850,localizaciÃ³n precisa,IVC,Privado,SÃ­,2019
2000010,2,2000,,Diarios Impresos,Ciudad AutÃ³noma de Buenos Aires,Ciudad Autonoma de Buenos Aires,Ciudad Autonoma de Buenos Aires,Cronica,Av. Juan de Garay 130/40,,1063.0,11.0,43611001.0,editor@cronica.com.ar,www.cronica.com.ar,,-34.6240800,-58.3670460,localizaciÃ³n precisa,SInCA ,Privado,SÃ­,2019
2000010,2,2000,,Diarios Impresos,Ciudad AutÃ³noma de Buenos Aires,Ciudad Autonoma de Buenos Aires,Ciudad Autonoma de Buenos Aires,El Cronista Comercial,Av. Paseo Colon 740,Piso 1,1063.0,11.0,41219300.0,,www.cronista.com,,-34.6162620,-58.3687660,localizaciÃ³n precisa,SInCA,Privado,SÃ­,2019
2000010,2,2000,,Diarios Impresos,Ciudad AutÃ³noma de Buenos Aires,Ciudad Autonoma de Buenos Aires,Ciudad Autonoma de Buenos Aires,El Universal,Av Corrientes 4070,,,11.0,52759400.0,redaccion@eluniversal.com.ar,,,-34.6030602,-58.4220727,localizaciÃ³n precisa,SINCA,Privado,SÃ­,2019
2000010,2,2000,,Diarios Impresos,Ciudad AutÃ³noma de Buenos Aires,Ciudad Autonoma de Buenos Aires,Ciudad Autonoma de Buenos Aires,La Nacion,Bouchard 557,,1106.0,11.0,43191600.0,diario@lanacion.com.ar,www.lanacion.com.ar,,-34.6010830,-58.3692370,localizaciÃ³n precisa,IVC,Privado,SÃ­,2019
2000010,2,2000,,Diarios Impresos,Ciudad AutÃ³noma de Buenos Aires,Ciudad Autonoma de Buenos Aires,Ciudad Autonoma de Buenos Aires,La Prensa,Azopardo 715,,1107.0,11.0,43491000.0,informaciongeneral@laprensa.com.ar,www.laprensa.com.ar,,-34.6158760,-58.3675460,localizaciÃ³n precisa,SInCA,Privado,SÃ­,2019
2000010,2,2000,,Diarios Impresos,Ciudad AutÃ³noma de Buenos Aires,Ciudad Autonoma de Buenos Aires,Ciudad Autonoma de Buenos Aires,Miardas al Sur,Serrano 1139,,,11.0,47753333.0,gediazyanotti@grupoveintitres.com,www.sur.infonews.com/,,-34.5919207,-58.4351135,localizaciÃ³n precisa,SINCA,Privado,SÃ­,2019
2000010,2,2000,,Diarios Impresos,Ciudad AutÃ³noma de Buenos Aires,Ciudad Autonoma de Buenos Aires,Ciudad Autonoma de Buenos Aires,Ole,Tacuari 1842,,1139.0,,,ole@ole.com.ar,www.ole.com.ar,,-34.6295830,-58.3750850,localizaciÃ³n precisa,IVC,Privado,SÃ­,2019
2000010,2,2000,,Diarios Impresos,Ciudad AutÃ³noma de Buenos Aires,Ciudad Autonoma de Buenos Aires,Ciudad Autonoma de Buenos Aires,Pagina / 12,Solis  525,,1134.0,11.0,67724400.0,,www.pagina12.com.ar,,-34.6150370,-58.3903670,localizaciÃ³n precisa,IVC,Privado,SÃ­,2019
2000010,2,2000,,Diarios Impresos,Ciudad AutÃ³noma de Buenos Aires,Ciudad Autonoma de Buenos Aires,Ciudad Autonoma de Buenos Aires,Perfil,Chacabuco 271,Piso 9,1069.0,11.0,43419000.0,perfilcom@perfil.com.ar,www.perfil.com,,-34.6112380,-58.3762190,localizaciÃ³n precisa,SInCA,Privado,SÃ­,2019
2000010,2,2000,,Diarios Impresos,Ciudad AutÃ³noma de Buenos Aires,Ciudad Autonoma de Buenos Aires,Ciudad Autonoma de Buenos Aires,Popular,Santa Fe 1725,,1425.0,11.0,48132009.0,redaccion@dpopular.com,www.popularonline.com.ar,,-34.5958400,-58.3922950,localizaciÃ³n precisa,SInCA,Privado,SÃ­,2019
2000010,2,2000,,Diarios Impresos,Ciudad AutÃ³noma de Buenos Aires,Ciudad Autonoma de Buenos Aires,Ciudad Autonoma de Buenos Aires,Tiempo Argentino,MÃ©xico 437,Piso 1,1097.0,,,,https://www.tiempoar.com.ar/,,-34.6147890,-58.3723540,localizaciÃ³n precisa,SInCA,Privado,SÃ­,2019
2000010,2,2000,,Diarios Impresos,Ciudad AutÃ³noma de Buenos Aires,Ciudad Autonoma de Buenos Aires,Ciudad AutÃ³noma de Buenos Aires,Buenos Aires TimesÂ ,California 2715,,1289.0,11.0,59854603.0,buenosairestimes@perfil.com,http://www.batimes.com.ar/,,-34.6493300,-58.3841450,localizaciÃ³n precisa,Diarios Argentinos.com,Privado,SÃ­,2019
2000010,2,2000,,Diarios Impresos,Ciudad AutÃ³noma de Buenos Aires,Ciudad Autonoma de Buenos Aires,Ciudad AutÃ³noma de Buenos Aires,Clara MenteÂ ,Bauness 2786,,1431.0,11.0,45238918.0,claramente@claramente.com.ar,http://www.claramente.com.ar/,,-34.5722660,-58.4900810,localizaciÃ³n precisa,Diarios Argentinos.com,Privado,SÃ­,2019
2000010,2,2000,,Diarios Impresos,Ciudad AutÃ³noma de Buenos Aires,Ciudad Autonoma de Buenos Aires,Ciudad AutÃ³noma de Buenos Aires,Diario JudicialÂ ,ParanÃ¡ 426,,1017.0,11.0,52633519.0,,https://www.diariojudicial.com,,-34.6036070,-58.3880660,localizaciÃ³n precisa,Diarios Argentinos.com,Privado,SÃ­,2019
2000010,2,2000,,Diarios Impresos,Ciudad AutÃ³noma de Buenos Aires,Ciudad Autonoma de Buenos Aires,Ciudad AutÃ³noma de Buenos Aires,Diario PopularÂ ,Beguiristain 146,,1873.0,11.0,42043161.0,internet@dpopular.com.ar,https://www.diariopopular.com.ar/,,-34.6687860,-58.3523550,localizaciÃ³n precisa,IVC,Privado,SÃ­,2019
2000010,2,2000,,Diarios Impresos,Ciudad AutÃ³noma de Buenos Aires,Ciudad Autonoma de Buenos Aires,Ciudad AutÃ³noma de Buenos Aires,El EconomistaÂ ,Paraguay 776 ,1Â° B,1057.0,11.0,43150265.0,redaccion@eleconomista.com.ar,https://www.eleconomista.com.ar/,,-34.5978150,-58.3779940,localizaciÃ³n precisa,Diarios Argentinos.com,Privado,SÃ­,2019
2000010,2,2000,,Diarios Impresos,Ciudad AutÃ³noma de Buenos Aires,Ciudad Autonoma de Buenos Aires,Ciudad AutÃ³noma de Buenos Aires,Le Monde Diplomatique,Paraguay 1535,,1061.0,,,contacto@eldiplo.org,https://www.eldiplo.org/,,-34.5983310,-58.3885990,localizaciÃ³n precisa,Diarios Argentinos.com,Privado,SÃ­,2019
14147010,14,14147,,Diarios Impresos,CÃ³rdoba,Santa Maria,Alta Gracia,Nuevo SumarioÂ ,Brasil 342,,5186.0,3547.0,426925.0,,https://www.diariosumario.com.ar/,,Â -31.655859 ,-64.4305590,localizaciÃ³n precisa,Diarios Argentinos.com,Privado,SÃ­,2019
14063020,14,14063,,Diarios Impresos,CÃ³rdoba,Marcos Juarez,Arias,Poder CiudadanoÂ ,La Rioja 643,,,3468.0,440205.0,fullpromo@yahoo.com.ar,https://poderciudadano.com.ar/,,-33.6482610,-62.4042550,localizaciÃ³n precisa,Diarios Argentinos.com,Privado,SÃ­,2019
14182060,14,14182,,Diarios Impresos,CÃ³rdoba,Union,Bell Ville,TribunaÂ ,25 de Mayo 175,,,3537.0,416789.0,luisgiletta@tribunabellville.com.ar,http://www.tribunabellville.com.ar/,,-32.6360110,-62.6876250,localizaciÃ³n precisa,Diarios Argentinos.com,Privado,SÃ­,2019
14014010,14,14014,,Diarios Impresos,CÃ³rdoba,Capital,Cordoba,Comercio y Justicia,Felix Paz 310,,,,,,www.comercioyjusticia.com.ar,,-31.4169060,-64.2320860,localizaciÃ³n precisa,SInCA,Privado,SÃ­,2019
14014010,14,14014,,Diarios Impresos,CÃ³rdoba,Capital,Cordoba,Hoy Dia CordobaÂ ,Belgrano 157,,5000.0,351.0,4224400.0,web@hoydiacordoba.info,https://www.hoydia.com.ar/,,-31.4164670,-64.1892190,localizaciÃ³n precisa,Diarios Argentinos.com,Privado,SÃ­,2019
14014010,14,14014,,Diarios Impresos,CÃ³rdoba,Capital,Cordoba,La Voz del Interior,Av La Voz del Interior 6080,,,,,,www.lavoz.com.ar,,-31.3432720,-64.2069940,localizaciÃ³n precisa,IVC,Privado,SÃ­,2019
14014010,14,14014,,Diarios Impresos,CÃ³rdoba,Capital,Cordoba,Punto a Punto,Av. R. Nunez  4504,,5009.0,351.0,5891500.0,correo@pap.com.ar,www.papcordoba.com,,-31.3652320,-64.2355050,localizaciÃ³n precisa,SInCA,Privado,SÃ­,2019
14021140,14,14021,,Diarios Impresos,CÃ³rdoba,Colon,Jesus Maria,El Despertador,Julio Argentino Roca 147,,5220.0,3525.0,401140.0,,www.eldespertadordiario.com.ar,,-30.9808176,-64.0979110,localizaciÃ³n precisa,Direccion de Cultura y Turismo de Jesus Maria,Privado,SÃ­,2019
14063160,14,14063,,Diarios Impresos,CÃ³rdoba,Marcos Juarez,Leones,Nuevo DiaÂ ,Av. Belgrano,,,3472.0,481453.0,,http://www.nuevodialeones.com,,-32.6609510,-62.2994990,localizaciÃ³n precisa,Diarios Argentinos.com,Privado,SÃ­,2019
14098230,14,14098,,Diarios Impresos,CÃ³rdoba,Rio Cuarto,Rio Cuarto,Puntal Digital,Rivadavia 180,,5800.0,358.0,4649300.0,publicidadonline@puntal.com.ar,www.diariopuntal.com.ar,,-33.1256360,-64.3470620,localizaciÃ³n precisa,SInCA,Privado,SÃ­,2019
14105240,14,14105,,Diarios Impresos,CÃ³rdoba,Rio Primero,Rio Primero,El Diario del PuebloÂ ,Av. Sarmiento 192,,,351.0,2286114.0,info@eldiariodelpueblo.net,https://www.lariberaweb.com,,-31.3268720,-63.6322900,localizaciÃ³n precisa,Diarios Argentinos.com,Privado,SÃ­,2019
14161150,14,14161,,Diarios Impresos,CÃ³rdoba,Tercero Arriba,Rio Tercero,Tribuna,Caseros y San Miguel,,5850.0,3571.0,500208.0,tribuna@tribunadigital.com.ara,www.tribunadigital.com.ar/,,-32.1764910,-64.1234580,localizaciÃ³n precisa,SInCA,Privado,SÃ­,2019
14140360,14,14140,,Diarios Impresos,CÃ³rdoba,San Justo,San Francisco,La Voz de San Justo,Bv. 9 de Julio 2035,,2400.0,3564.0,420694.0,gerencia@lavozdesanjusto.com.ar,www.lavozdesanjusto.com.ar,,-31.4302760,-62.0888540,localizaciÃ³n precisa,SInCA,Privado,SÃ­,2019
14091250,14,14091,,Diarios Impresos,CÃ³rdoba,Punilla,Villa Carlos Paz,BambaÂ ,AsunciÃ³n 81,,,2920.0,427541.0,,https://www.elbamba.com,,-31.4193970,-64.5062450,localizaciÃ³n precisa,Diarios Argentinos.com,Privado,SÃ­,2019
14091250,14,14091,,Diarios Impresos,CÃ³rdoba,Punilla,Villa Carlos Paz,El Diario de Carlos PazÂ ,"Alvear 381, Loc.1",,5152.0,3541.0,486587.0,diariocarlospaz@yahoo.com.ar,www.eldiariodecarlospaz.com,,-31.4193900,-64.4931520,localizaciÃ³n precisa,SInCA / DiariosArgentinos.com,Privado,SÃ­,2019
14091250,14,14091,,Diarios Impresos,CÃ³rdoba,Punilla,Villa Carlos Paz,La JornadaÂ ,s/d,,,,,,,Periodico de distribuciÃ³n gratuita,-31.4182380,-64.4933448,localizaciÃ³n por localidad,Diarios Argentinos.com,Privado,SÃ­,2019
14042170,14,14042,,Diarios Impresos,CÃ³rdoba,General San Martin,Villa Maria,El Diario,Y. Hirigoyen 355,,5900.0,353.0,4613126.0,eldiario@eldiariocba.com.ar,www.eldiariocba.com.ar,,-32.4153260,-63.2418820,localizaciÃ³n precisa,SInCA,Privado,SÃ­,2019
14042170,14,14042,,Diarios Impresos,CÃ³rdoba,General San Martin,Villa Maria,Puntal Villa MariaÂ ,General Paz 290,,5900.0,353.0,4528080.0,puntalweb@puntal.com.ar,https://www.puntalvillamaria.com.ar,,-32.4083350,Â -63.245849,localizaciÃ³n precisa,Diarios Argentinos.com,Privado,SÃ­,2019
18021020,18,18021,,Diarios Impresos,Corrientes,Capital,Corrientes,Diario 1588,Lamadrid 1894 ,,3400.0,,,,www.diario1588.com,,-27.4712260,-58.8395840,localizaciÃ³n precisa,SInCA,Privado,SÃ­,2019
18021020,18,18021,,Diarios Impresos,Corrientes,Capital,Corrientes,Diario Epoca,H.Yrigoyen 835,,3400.0,3783.0,424919.0,redaccion@diarioepoca.com,www.diarioepoca.com,,-27.4681810,-58.8414180,localizaciÃ³n precisa,SInCA,Privado,SÃ­,2019
18021020,18,18021,,Diarios Impresos,Corrientes,Capital,Corrientes,El Libertador,25 de Mayo  928,,3400.0,3783.0,462440.0,ellibertadorpublicidad@hotmail.com,www.diarioellibertador.com.ar,,-27.4638640,-58.8399540,localizaciÃ³n precisa,SInCA,Privado,SÃ­,2019
18021020,18,18021,,Diarios Impresos,Corrientes,Capital,Corrientes,El Litoral,Hipolito Yrigoyen 990,,3400.0,3783.0,411524.0,redaccion@el-litoral.com.ar,www.el-litoral.com.ar,,-27.4683590,-58.8394620,localizaciÃ³n precisa,SInCA,Privado,SÃ­,2019
18021020,18,18021,,Diarios Impresos,Corrientes,Capital,Corrientes,La Republica,Carlos Pellegrini 1029,,3400.0,3783.0,427615.0,publicidadlarepublica@gmail.com,www.diariolarepublica.com.ar,,-27.4651300,-58.8387690,localizaciÃ³n precisa,SInCA,Privado,SÃ­,2019
18119030,18,18119,,Diarios Impresos,Corrientes,Paso de los Libres,Paso de los Libres,Infolibres,ColÃ³n 1030 - GalerÃ­a Garavano,,,,,info@infolibreS. com,www.infolibres.com,,-29.7119820,-57.0892040,localizaciÃ³n precisa,SInCA,Privado,SÃ­,2019
30028010,30,30028,,Diarios Impresos,Entre RÃ­os,Federacion,Chajari,Chajari Al Dia,Stampa  2430,,,3456.0,420002.0,info@multimedioschajari.com.ar,http://www.chajarialdia.com.ar/,,-30.7548253,-57.9825558,localizaciÃ³n precisa,SInCA,Privado,SÃ­,2019
30008020,30,30008,,Diarios Impresos,Entre RÃ­os,Colon,Colon,El Entre RiosÂ ,Mariano Moreno 211,,,345.0,4271774.0,,https://www.elentrerios.com,,-32.2215880,-58.1363720,localizaciÃ³n precisa,Diarios Argentinos.com,Privado,SÃ­,2019
30098040,30,30098,,Diarios Impresos,Entre RÃ­os,Uruguay,Concepcion del Uruguay,La Calle,Moreno 139,,3260.0,3442.0,425614.0,,www.lacalle-online.com.ar,,-32.4866230,-58.2317880,localizaciÃ³n precisa,SInCA,Privado,SÃ­,2019
30098040,30,30098,,Diarios Impresos,Entre RÃ­os,Uruguay,Concepcion del Uruguay,La Prensa FederalÂ ,Mitre 61,,,3442.0,424600.0,,http://www.laprensafederal.com.ar/,,-32.4807610,-58.2314350,localizaciÃ³n precisa,Diarios Argentinos.com,Privado,SÃ­,2019
30015060,30,30015,,Diarios Impresos,Entre RÃ­os,Concordia,Concordia,El Heraldo,Quintana 42,,3202.0,345.0,4215304.0,heraldo@infovia.com.ar,www.elheraldo.com.ar,,-31.3982810,-58.0201620,localizaciÃ³n precisa,SInCA,Privado,SÃ­,2019
30015060,30,30015,,Diarios Impresos,Entre RÃ­os,Concordia,Concordia,El Sol,Concejal Veiga 777,,,345.0,4210332.0,correo@diarioelsol.com.ar,www.diarioelsol.com,,-31.3929750,-58.0270610,localizaciÃ³n precisa,SInCA,Privado,SÃ­,2019
30084070,30,30084,,Diarios Impresos,Entre RÃ­os,Parana,Crespo,El Observador del LitoralÂ ,San MartÃ­n 1260,,,343.0,4951080.0,elobservadordellitoral@gmail.com,https://www.elobservadordellitoral.com,,-32.0327980,-60.3097080,localizaciÃ³n precisa,Diarios Argentinos.com,Privado,SÃ­,2019
30084070,30,30084,,Diarios Impresos,Entre RÃ­os,Parana,Crespo,Paralelo 32,Irigoyen y San Martin,,,,,info@paralelo32.com.ar,www.paralelo32.com.ar,,-32.0323650,-60.3091700,localizaciÃ³n precisa,SInCA,Privado,SÃ­,2019
30028070,30,30028,,Diarios Impresos,Entre RÃ­os,Federacion,FederaciÃ³n,El Federaense,Av. San Martin 31,17,,3456.0,482009.0,info@elfederaense.com.ar,www.elfederaense.com.ar,,-30.9864460,-57.9200230,localizaciÃ³n precisa,SInCA,Privado,SÃ­,2019
30049040,30,30049,,Diarios Impresos,Entre RÃ­os,Gualeguay,Gualeguay,El Debate PregonÂ ,Islas Malvinas 170,,,3444.0,423115.0,adm@diariodebatepregon.com.ar,http://www.diariodebatepregon.com,,-33.1480120,-59.3159100,localizaciÃ³n precisa,Diarios Argentinos.com,Privado,SÃ­,2019
30049040,30,30049,,Diarios Impresos,Entre RÃ­os,Gualeguay,Gualeguay,El Dia de Gualeguay,Chacabuco 38,Piso 1,2840.0,3444.0,423038.0,info@eldiadegualeguay.com.ar,www.gualeguayaldia.com.ar,,-33.1491020,-59.3120640,localizaciÃ³n precisa,SInCA,Privado,SÃ­,2019
30056070,30,30056,,Diarios Impresos,Entre RÃ­os,Gualeguaychu,Gualeguaychu,El Argentino,9 de Julio 45,,,3446.0,47753333.0,gediazyanotti@grupoveintitres.com,www.diarioelargentino.com.ar,,-33.0079320,-58.5135700,localizaciÃ³n precisa,SINCA,Privado,SÃ­,2019
30056070,30,30056,,Diarios Impresos,Entre RÃ­os,Gualeguaychu,Gualeguaychu,El Dia,Concordia 1993,,2820.0,3446.0,430808.0,lectores@eldiadegualeguaychu.com.ar,www.eldiaonline.com,,-33.0224990,-58.5338290,localizaciÃ³n precisa,SInCA,Privado,SÃ­,2019
30056090,30,30056,,Diarios Impresos,Entre RÃ­os,Gualeguaychu,Larroque,AccionÂ ,s/d,,,,,,http://acciondelarroque.com.ar/,Periodico,-33.0354243,-59.0018537,localizaciÃ³n por localidad,Diarios Argentinos.com,Privado,SÃ­,2019
30084160,30,30084,,Diarios Impresos,Entre RÃ­os,Parana,Parana,El Diario,Urquiza 1,,,,,info@eldiarioentrerios.com.ar,www.eldiariodeparana.com.ar,,-31.7323710,-60.5302150,localizaciÃ³n precisa,IVC,Privado,SÃ­,2019
30084160,30,30084,,Diarios Impresos,Entre RÃ­os,Parana,Parana,Uno,Peru 100,,3100.0,343.0,4233355.0,uno@unoentrerios.com.ar,www.unoentrerios.com.ar,,-31.7338990,-60.5325560,localizaciÃ³n precisa,IVC,Privado,SÃ­,2019
34014020,34,34014,,Diarios Impresos,Formosa,Formosa,Formosa,El Comercial,Hipolito Yrigoyen 58,,3600.0,3717.0,431035.0,redaccion@elcomercial.com.ar,www.elcomercial.com.ar,,-26.1854520,-58.1640130,localizaciÃ³n precisa,SInCA,Privado,SÃ­,2019
34014020,34,34014,,Diarios Impresos,Formosa,Formosa,Formosa,La MaÃ±ana,Dean Funes 950,,3600.0,3717.0,430868.0,cartas@lamanana-online.com.ar,www.lamanana-online.com.ar,,-26.1850170,-58.1679980,localizaciÃ³n precisa,SInCA,Privado,SÃ­,2019
34014020,34,34014,,Diarios Impresos,Formosa,Formosa,Formosa,Opinion Ciudadana,Salta 164,,3600.0,3717.0,427292.0,,www.diariopinion.com.ar,,-26.1877080,-58.1639250,localizaciÃ³n precisa,SInCA,Privado,SÃ­,2019
38021060,38,38021,,Diarios Impresos,Jujuy,Dr. Manuel Belgrano,San Salvador de Jujuy,El Tribuno de Jujuy,Belgrano  306,,4600.0,388.0,4237800.0,tribunojujuy@ciudad.com.ar,www.eltribuno.info/jujuy,,-24.1754911,-65.3220973,localizaciÃ³n precisa,IVC,Privado,SÃ­,2019
38021060,38,38021,,Diarios Impresos,Jujuy,Dr. Manuel Belgrano,San Salvador de Jujuy,Pregon,Belgrano 545,,4600.0,388.0,4236200.0,pregon@pregon.com.ar,www.pregon.com.ar,,-24.1852160,-65.3007470,localizaciÃ³n precisa,SInCA,Privado,SÃ­,2019
42105030,42,42105,,Diarios Impresos,La Pampa,Maraco,General Pico,La ReformaÂ ,Calle 20 NÂº 627,,,,,redaccion@diariolareforma.com.ar,http://www.diariolareforma.com.ar/,,-35.6589150,-63.7541110,localizaciÃ³n precisa,Diarios Argentinos.com,Privado,SÃ­,2019
42056040,42,42056,,Diarios Impresos,La Pampa,Chapaleufu,Intendente Alvear,El Norte en MovimientoÂ ,Int. Alvear,,,,,info@elnorteenmovimiento.com.ar,https://elnorteenmovimiento.com.ar/,,-35.2378880,-63.5971210,localizaciÃ³n precisa,Diarios Argentinos.com,Privado,SÃ­,2019
42021020,42,42021,,Diarios Impresos,La Pampa,Capital,Santa Rosa,El Diario,Jose Ingenieros  855,,6300.0,2954.0,411117.0,eldiariodelapampacomercial@gmail.com,www.eldiariodelapampa.com.ar,,-36.6288650,-64.2928490,localizaciÃ³n precisa,IVC / Red de Ciudades Creativas,Privado,SÃ­,2019
42021020,42,42021,,Diarios Impresos,La Pampa,Capital,Santa Rosa,La Arena,Bartolome Mitre 339,,6300.0,2954.0,411111.0,info@laarena.com.ar,www.laarena.com.ar,,-36.6247980,-64.2912540,localizaciÃ³n precisa,Red de Ciudades Creativas/ SInCA,Privado,SÃ­,2019
42021020,42,42021,,Diarios Impresos,La Pampa,Capital,Santa Rosa,Las Noticias al Bolsillo,Gallareta 816,,6300.0,,,lasnoticiasalbolsillo@yahoo.com.ar,,,-36.6466220,-64.3423600,localizaciÃ³n precisa,Red de Ciudades Creativas,Privado,SÃ­,2019
42021020,42,42021,,Diarios Impresos,La Pampa,Capital,Santa Rosa,Semanario Region empresa periodÃ­stica,Independencia 195,,6300.0,2954.0,4387800.0,info@region.com.ar,www.region.com.ar,,-36.6265030,-64.2792620,localizaciÃ³n precisa,Red de Ciudades Creativas/ SInCA,Privado,SÃ­,2019
46042010,46,46042,,Diarios Impresos,La Rioja,Chilecito,Chilecito,Diario Chilecito,San Martin  95,,5360.0,3825.0,423700.0,Lector@GrupoEmail.com.ar,www.diariochilecito.com,,-29.1658380,-67.4934460,localizaciÃ³n precisa,SInCA,Privado,SÃ­,2019
46014010,46,46014,,Diarios Impresos,La Rioja,Capital,La Rioja,El Independiente,9 de Julio 223,,5300.0,3822.0,469666.0,redaccion@el-independiente.com.ar,www.elindependiente.com.ar,,-29.4160560,-66.8547240,localizaciÃ³n precisa,SInCA,Privado,SÃ­,2019
46014010,46,46014,,Diarios Impresos,La Rioja,Capital,La Rioja,Nueva Rioja,9 de Julio 86,,5300.0,3822.0,420400.0,,www.nuevarioja.com.ar,,-29.4144830,-66.8549470,localizaciÃ³n precisa,SInCA,Privado,SÃ­,2019
50007010,50,50007,,Diarios Impresos,Mendoza,Capital,Mendoza,Ciudadano,Necochea 159,,5500.0,261.0,4292415.0,info@ciuadanodiario.com.ar,www.ciudadanodiario.com.ar,,-32.8870230,-68.8405970,localizaciÃ³n precisa,SInCA,Privado,SÃ­,2019
50007010,50,50007,,Diarios Impresos,Mendoza,Capital,Mendoza,Diario UnoÂ ,Av. Pedro Molina 345,,5500.0,261.0,4491300.0,,https://www.diariouno.com.ar/,,-32.8961450,-68.8453980,localizaciÃ³n precisa,IVC,Privado,SÃ­,2019
50007010,50,50007,,Diarios Impresos,Mendoza,Capital,Mendoza,El Sol,La Rioja 987,,5500.0,261.0,4205051.0,,https://www.elsol.com.ar/,,-32.8920750,-68.8355850,localizaciÃ³n precisa,SInCA,Privado,SÃ­,2019
50007010,50,50007,,Diarios Impresos,Mendoza,Capital,Mendoza,Los Andes,San Martin 1049,,5500.0,261.0,4202222.0,,www.losandes. com.ar,,-32.8911760,-68.8395320,localizaciÃ³n precisa,IVC,Privado,SÃ­,2019
50007010,50,50007,,Diarios Impresos,Mendoza,Capital,Mendoza,Uno,Pedro Molina 345,,5500.0,261.0,4491300.0,uno_mendoza@diariouno.net.ar,www.diariouno.net.ar,,-32.8964360,-68.8455760,localizaciÃ³n precisa,SInCA,Privado,SÃ­,2019
50098100,50,50098,,Diarios Impresos,Mendoza,San Martin,San Martin,Tiempo del EsteÂ ,s/d,,,,,jobave2002@gmail.com,http://tiempodeleste.com,,-33.0809008,-68.4705132,localizaciÃ³n por localidad,Diarios Argentinos.com,Privado,SÃ­,2019
50105210,50,50105,,Diarios Impresos,Mendoza,San Rafael,San Rafael,San Rafael,Comandante Salas 131,,5600.0,2627.0,425317.0,redaccion@diariosanrafael.com.ar,www.diariosanrafael.com.ar,,-34.6138930,-68.3315880,localizaciÃ³n precisa,SInCA,Privado,SÃ­,2019
54091080,54,54091,,Diarios Impresos,Misiones,Obera,Obera,Pregon MisioneroÂ ,Gdor. Barreyro 234,,,3755.0,401618.0,,https://pregonmisionero.wordpress.com/,,-27.4814200,-55.1146630,localizaciÃ³n precisa,Diarios Argentinos.com,Privado,SÃ­,2019
54028030,54,54028,,Diarios Impresos,Misiones,Capital,Posadas,El Territorio,Av. Quaranta 4307,,3301.0,3752.0,451844.0,webmaster@territoriodigital.net,www.territoriodigital.com,,-27.4020090,-55.9234240,localizaciÃ³n precisa,IVC,Privado,SÃ­,2019
54028030,54,54028,,Diarios Impresos,Misiones,Capital,Posadas,Noticias de La Calle,Rademacher  3715,,3300.0,3752.0,422024.0,noticiasdelacalle@gmail.com,www.noticiasdelacalle.com.ar,,-27.3839520,-55.8962160,localizaciÃ³n precisa,IVC,Privado,SÃ­,2019
54028030,54,54028,,Diarios Impresos,Misiones,Capital,Posadas,Primera Ediciones,Cordoba  1738,,3300.0,3752.0,420407.0,info@primeraedicionweb.com.ar,www.primeraedicionweb.com.ar,,-27.3679680,-55.8932240,localizaciÃ³n precisa,IVC,Privado,SÃ­,2019
54028030,54,54028,,Diarios Impresos,Misiones,Capital,Posadas,Seis Paginas,San Martin 1598,Of. 6,3300.0,3752.0,423770.0,info@noticiasdel6.com,www.noticiasdel6.com,,-27.3662550,-55.8915070,localizaciÃ³n precisa,SInCA,Privado,SÃ­,2019
54063030,54,54063,,Diarios Impresos,Misiones,Iguazu,Puerto Iguazu,La Voz de CataratasÂ ,ColibrÃ­,,,,,info@lavozdecataratas.com,http://www.lavozdecataratas.com/,,-25.6100120,-54.5685430,localizaciÃ³n precisa,Diarios Argentinos.com,Privado,SÃ­,2019
58049010,58,58049,,Diarios Impresos,NeuquÃ©n,Huiliches,Junin de los Andes,Junin Dice,S/D,,,,,diario@junindice.com.ar,www.junindice.com.ar,,-39.9512712,-71.0705860,localizaciÃ³n por localidad,SInCA,Privado,SÃ­,2019
58035070,58,58035,,Diarios Impresos,NeuquÃ©n,Confluencia,Neuquen,Diario RÃ­o Negro,Ministro GonzÃ¡lez 290,,,299.0,4490900.0,,,,-38.9517780,-68.0549180,localizaciÃ³n precisa,RCC,Privado,SÃ­,2019
58035070,58,58035,,Diarios Impresos,NeuquÃ©n,Confluencia,Neuquen,La Manana LMN neuquÃ©n,Fotheringham 445,,8300.0,299.0,4490400.0,redaccion@lmnequen.com.ar,www.lmneuquen.com.ar,,-38.9503270,-68.0689510,localizaciÃ³n precisa,SInCA,Privado,SÃ­,2019
58035070,58,58035,,Diarios Impresos,NeuquÃ©n,Confluencia,Neuquen,Oportunidades,Sarmiento 266,,8300.0,299.0,4428574.0,,www.periodicooportunidades.com ,,-38.9572734,-68.0627784,localizaciÃ³n precisa,Municipalidad de NeuquÃ©n - Red de Ciudades Creativas,Privado,SÃ­,2019
58091040,58,58091,,Diarios Impresos,NeuquÃ©n,Pehuenches,Rincon de los Sauces,El Periodico de Rincon,S/D,,,,,contacto@elperiodicoderincon.com.ar,www.elperiodicoderincon.com.ar,,-37.3940595,-6892602178165360000000.0000000,localizaciÃ³n por localidad,SInCA,Privado,SÃ­,2019
58056010,58,58056,,Diarios Impresos,NeuquÃ©n,Lacar,San Martin de los Andes,La Bandurria,Av. San Martin  545,,,2972.0,427894.0,,www.labandurria.com.ar,,-40.1581850,-71.3542860,localizaciÃ³n precisa,SInCA,Privado,SÃ­,2019
62042450,62,62042,,Diarios Impresos,RÃ­o Negro,General Roca,General Roca,Rio Negro,9 de Julio 733,,8332.0,2941.0,439300.0,cartas@rionegro.com.ar,www.rionegro.com.ar,,-39.0295740,-67.5750760,localizaciÃ³n precisa,IVC,Privado,SÃ­,2019
62021060,62,62021,,Diarios Impresos,RÃ­o Negro,Bariloche,San Carlos de Bariloche,El Cordillerano,Moreno 975,,8400.0,2944.0,431409.0,noticias@elcordillerano.com.ar,www.elcordillerano.com.ar,,-41.1360530,-71.2962510,localizaciÃ³n precisa,SInCA,Privado,SÃ­,2019
62007090,62,62007,,Diarios Impresos,RÃ­o Negro,Adolfo Alsina,Viedma,Al Dia,Saavedra 1196,,8500.0,2920.0,432277.0,,www.diarioaldia.com.ar,,-40.8132340,-63.0017410,localizaciÃ³n precisa,SInCA,Privado,SÃ­,2019
62007090,62,62007,,Diarios Impresos,RÃ­o Negro,Adolfo Alsina,Viedma,Noticias de la Costa,Sarmiento 40,,8500.0,2920.0,427540.0,redaccion@noticiasnet.com.ar,www.noticiasnet.com.ar,,-40.8074635,-62.9912328,localizaciÃ³n precisa,Subsecretaria de Cultura de la Municipalidad de Viedma - Red de Ciudades Creativas,Privado,SÃ­,2019
62042560,62,62042,,Diarios Impresos,RÃ­o Negro,General Roca,Villa Regina,La ComunaÂ ,PueyrredÃ³n Sur 81,,8336.0,298.0,4439370.0,lacomuna@rionegro.com.ar,https://www.lacomuna.com.ar,,-39.0930590,-67.0874940,localizaciÃ³n precisa,Diarios Argentinos.com,Privado,SÃ­,2019
66028050,66,66028,,Diarios Impresos,Salta,Capital,Salta,CrÃ³nica del NOA,Pje. Gobelli 1885,,4400.0,387.0,155881454.0,cronicadelnoa@gmail.com ,http://www.cronicadelnoa.com.ar/,,-24.7756880,-65.4274720,localizaciÃ³n precisa,Municipalidad de Salta - Red de Ciudades Creativas,Privado,SÃ­,2019
66028050,66,66028,,Diarios Impresos,Salta,Capital,Salta,Cadena Global,Los PeteribÃ­es 300,,4400.0,,,,www.diariodigitalglobal.com.ar,,-24.7664420,-65.3962320,localizaciÃ³n precisa,SInCA,Privado,SÃ­,2019
66028050,66,66028,,Diarios Impresos,Salta,Capital,Salta,Cuarto Poder,Av. Belgrano 1314,,,,,,,,-24.7864780,-65.4207950,localizaciÃ³n precisa,RCC,Privado,SÃ­,2019
66028050,66,66028,,Diarios Impresos,Salta,Capital,Salta,El Expreso,Av Ragone y Calle 213,,,,,,,,-24.8239450,-65.4226530,localizaciÃ³n precisa,RCC,Privado,SÃ­,2019
66028050,66,66028,,Diarios Impresos,Salta,Capital,Salta,El Intransigente,Vicente Lopez 168,,4400.0,,,,www.elintransigente.com,,-24.7882480,-65.4053390,localizaciÃ³n precisa,SInCA ,Privado,SÃ­,2019
66028050,66,66028,,Diarios Impresos,Salta,Capital,Salta,El Tribuno,Av. Ex Combatientes de Malvinas 3890,,4412.0,387.0,4246240.0,redaccion@eltribuno.com.ar,www.eltribuno.info/salta/diario/hoy,,-24.8395820,-65.4335660,localizaciÃ³n precisa,IVC,Privado,SÃ­,2019
66028050,66,66028,,Diarios Impresos,Salta,Capital,Salta,Nueva Propuesta,Pje. Riobamba 950,,,,,,,,-24.7783145,-65.4245290,localizaciÃ³n precisa,RCC,Privado,SÃ­,2019
66028050,66,66028,,Diarios Impresos,Salta,Capital,Salta,Nuevo Diario Salta,Caseros 837,,,387.0,4227672.0,,www.nuevodiariodesalta.com.ar,,-24.7896400,-65.4141770,localizaciÃ³n precisa,SInCA,Privado,SÃ­,2019
66028050,66,66028,,Diarios Impresos,Salta,Capital,Salta,Punto Uno,BartolomÃ© Mitre 1967,,4400.0,387.0,4398183.0,info@diariopuntouno.com.ar,http://www.diariopuntouno.com.ar,,-24.7654624,-65.4088582,localizaciÃ³n precisa,Municipalidad de Salta,Privado,SÃ­,2019
70028010,70,70028,,Diarios Impresos,San Juan,Capital,San Juan,Diario de Cuyo,Mendoza Sur 380,,5400.0,264.0,-4290013.0,sanjuandc@diariodecuyo.com.ar,www.diariodecuyo.com.ar,,-31.5387720,-68.5257930,localizaciÃ³n precisa,IVC,Privado,SÃ­,2019
70028010,70,70028,,Diarios Impresos,San Juan,Capital,San Juan,Diario HuarpeÂ ,Castelli 2,,5400.0,,,,diariohuarpe.com,,-31.5302310,-68.5567140,localizaciÃ³n precisa,IVC,Privado,SÃ­,2019
70028010,70,70028,,Diarios Impresos,San Juan,Capital,San Juan,El Nuevo Diario,Santa Fe Oeste  236,,5400.0,264.0,4213658.0,info@nuevodiariosanjuan.com.ar,www.nuevodiariosanjuan.com.ar,,-31.5392510,-68.5291060,localizaciÃ³n precisa,SInCA ,Privado,SÃ­,2019
70028010,70,70028,,Diarios Impresos,San Juan,Capital,San Juan,El Zonda,Av. Espana (Sur) 1300,8,5400.0,264.0,4201313.0,,www.diarioelzonda.com.ar,,-31.5503000,-68.5331720,localizaciÃ³n precisa,SInCA,Privado,SÃ­,2019
74056150,74,74056,,Diarios Impresos,San Luis,La Capital,San Luis,El Diario de La Republica,Lafinur 924,,5700.0,266.0,4422096.0,jsaporiti@grupopayne.com.ar,www.eldiariodelarepublica.com,,-33.3011680,-66.3470280,localizaciÃ³n precisa,IVC,Privado,SÃ­,2019
78014010,78,78014,,Diarios Impresos,Santa Cruz,Deseado,Caleta Olivia,CompromisoÂ ,Fagnano 35,,,,,diariocompromiso@gmail.com,https://es-la.facebook.com/diariocompromiso/,,-46.4431020,-67.5195620,localizaciÃ³n precisa,Diarios Argentinos.com,Privado,SÃ­,2019
78014010,78,78014,,Diarios Impresos,Santa Cruz,Deseado,Caleta Olivia,La Prensa de Santa Cruz,Gobernador Gregores  1370,,,,,,www.prensasc.com.ar,,-46.4588650,-67.5216660,localizaciÃ³n precisa,SInCA,Privado,SÃ­,2019
78021040,78,78021,,Diarios Impresos,Santa Cruz,Guer Aike,Rio Gallegos,El Periodico Austral,Errazuris  400,,9400.0,2966.0,439101.0,redaccion@elperiodicoaustral.com,www.elperiodicoaustral.com,,-51.6258590,-69.2180990,localizaciÃ³n precisa,SInCA,Privado,SÃ­,2019
78021040,78,78021,,Diarios Impresos,Santa Cruz,Guer Aike,Rio Gallegos,La OpiniÃ³n Austral,Zapiola 25,,9400.0,2966.0,420185.0,12_opinion@speedy.com.ar,www.laopinionaustral.com.ar,,-51.6221733,-69.2166528,localizaciÃ³n precisa,Municipalidad de RÃ­o Gallegos - Red de Ciudades Creativas,Privado,SÃ­,2019
78021040,78,78021,,Diarios Impresos,Santa Cruz,Guer Aike,Rio Gallegos,Tiempo Sur,Comodoro Rivadavia 175,,9400.0,2966.0,423078.0,redaccion@tiemposur.com.ar,www.tiemposur.com.ar,,-51.6213800,-69.2103400,localizaciÃ³n precisa,SInCA,Privado,SÃ­,2019
82014050,82,82014,,Diarios Impresos,Santa Fe,Caseros,Casilda,La Voz del PuebloÂ ,MItre 2169,,2170.0,3464.0,422787.0,lavozdecasilda@gmail.com,http://lavozcasilda.com.ar,,-33.0454680,-61.1696680,localizaciÃ³n precisa,Diarios Argentinos.com,Privado,SÃ­,2019
82014050,82,82014,,Diarios Impresos,Santa Fe,Caseros,Casilda,PeriÃ³dico La Vidriera De Casilda,Buenos Aires  2052// Bvd. 25 de Mayo 2603,LOCAL 7 - PB,2170.0,3464.0,421221.0,cristinadichiara@lavidrieradecasilda.com.ar,-,Periodico,-33.0439200,-61.1657420,localizaciÃ³n precisa,Periodico La Vidriera de Casilda,Privado,SÃ­,2019
82070050,82,82070,,Diarios Impresos,Santa Fe,Las Colonias,Esperanza,Edicion UnoÂ ,Sarmiento 2236 ,Local 2,3080.0,3496.0,426497.0,edicionuno@edicionuno.com.ar,https://www.edicionuno.com.ar,,-31.4475340,-60.9310730,localizaciÃ³n precisa,Diarios Argentinos.com,Privado,SÃ­,2019
82070050,82,82070,,Diarios Impresos,Santa Fe,Las Colonias,Esperanza,Esperanza Dia Por Dia,s/d,,3080.0,,,,www.esperanzadiaxdia.com.ar,,-31.4489860,-60.9303660,localizaciÃ³n por localidad,SInCA,Privado,SÃ­,2019
82084140,82,82084,,Diarios Impresos,Santa Fe,Rosario,Funes,La Verdad Funense,Juan Elorza 1669,,2132.0,341.0,4932595.0,laverdadfunense@funescoop.com.ar,https://es-la.facebook.com/laverdad.funense/,Semanario,-32.9160030,-60.8132780,localizaciÃ³n precisa,SInCA,Privado,SÃ­,2019
82021310,82,82021,,Diarios Impresos,Santa Fe,Castellanos,Rafaela,Diario CastellanosÂ ,Bv. Lehmann 857,,2300.0,3492.0,578221.0,editoradelcentro@diariocastellanos.net,https://diariocastellanos.net.ar/,,-31.2438390,-61.4897730,localizaciÃ³n precisa,Diarios Argentinos.com,Privado,SÃ­,2019
82021310,82,82021,,Diarios Impresos,Santa Fe,Castellanos,Rafaela,La Opinion,Lavalle 153,,2300.0,3492.0,426821.0,diario@laopinion-rafaela.com.ar,www.laopinion-rafaela.com.ar,,-31.2514390,-61.4903050,localizaciÃ³n precisa,SInCA,Privado,SÃ­,2019
82084270,82,82084,,Diarios Impresos,Santa Fe,Rosario,Rosario,El CiudadanoÂ ,Brown 2793,,2000.0,341.0,4353798.0,ventas@elciudadanoweb.com,https://www.elciudadanoweb.com/,,-32.9330580,-60.6589360,localizaciÃ³n precisa,Diarios Argentinos.com,Privado,SÃ­,2019
82084270,82,82084,,Diarios Impresos,Santa Fe,Rosario,Rosario,El EslabonÂ ,s/d,,2000.0,341.0,4353719.0,eleslabon@gmail.com,https://periodicoeleslabon.com/,,-32.9538143,-60.6515379,localizaciÃ³n por localidad,Diarios Argentinos.com,Privado,SÃ­,2019
82084270,82,82084,,Diarios Impresos,Santa Fe,Rosario,Rosario,La Capital,Sarmiento 763,,2000.0,341.0,5226000.0,,www.lacapital.com.ar,,-32.9459850,-60.6381160,localizaciÃ³n precisa,IVC,Privado,SÃ­,2019
82084270,82,82084,,Diarios Impresos,Santa Fe,Rosario,Rosario,Rosario 12,San Lorenzo 1131,Piso 2,2000.0,341.0,4215812.0,info@rosario-12.com.ar,www.rosario-12.com.ar,,-32.9440860,-60.6380920,localizaciÃ³n precisa,SInCA,Privado,SÃ­,2019
82105240,82,82105,,Diarios Impresos,Santa Fe,San Jeronimo,San Genaro,ConvergenciaÂ ,s/d,,2146.0,,,,http://www.convergenciaonline.com.ar,,-32.3735384,-61.3606569,localizaciÃ³n por localidad,Diarios Argentinos.com,Privado,SÃ­,2019
82063170,82,82063,,Diarios Impresos,Santa Fe,La Capital,Santa Fe,El Litoral,Av. 25 de Mayo 3536,,3000.0,342.0,4502500.0,litoral@litoral.com.ar,www.litoral.com.ar,,-31.6351860,-60.7025720,localizaciÃ³n precisa,IVC,Privado,SÃ­,2019
82063170,82,82063,,Diarios Impresos,Santa Fe,La Capital,Santa Fe,El Santafecino,S/D,,3000.0,,,redaccion@elsantafesino.com,www.elsantafesino.com,Periodico,-31.6451648,-60.7093147,localizaciÃ³n por localidad,SInCA,Privado,SÃ­,2019
82063170,82,82063,,Diarios Impresos,Santa Fe,La Capital,Santa Fe,Notife,Rivadavia 2851,,3000.0,342.0,4555511.0,correo@notife.com,www.notife.com,,-31.6432760,-60.7033130,localizaciÃ³n precisa,Municipalidad de Santa Fe - Red de Ciudades Creativas,Privado,SÃ­,2019
82063170,82,82063,,Diarios Impresos,Santa Fe,La Capital,Santa Fe,Sin Mordaza,Sastre 4459,,3000.0,342.0,155005845.0,contacto@sinmordaza.com,www.sinmordaza.com,,-31.611715Â ,Â -60.708275,localizaciÃ³n precisa,SInCA,Privado,SÃ­,2019
82063170,82,82063,,Diarios Impresos,Santa Fe,La Capital,Santa Fe,UnoÂ ,Bulevar GÃ¡lvez 927,,3000.0,,,web.santafe@uno.com.ar,http://www.unosantafe.com.ar,,-31.6396270,-60.6850210,localizaciÃ³n precisa,Diarios Argentinos.com,Privado,SÃ­,2019
82021360,82,82021,,Diarios Impresos,Santa Fe,Castellanos,Sunchales,El Eco de Sunchales,Santa Fe,,,3493.0,421146.0,eleco@elecodesunchales.com.ar,www.elecosunchales.com.ar,,-30.9498020,-61.5625940,localizaciÃ³n precisa,SInCA,Privado,SÃ­,2019
82028230,82,82028,,Diarios Impresos,Santa Fe,Constitucion,Villa Constitucion,El SurÂ ,Rivadavia 1215,,,3400.0,457181.0,diariolajornada@gmail.com,http://www.elsurdiario.com.ar/,,-33.2273800,-60.3288610,localizaciÃ³n precisa,Diarios Argentinos.com,Privado,SÃ­,2019
82049230,82,82049,,Diarios Impresos,Santa Fe,General Obligado,Villa Ocampo,Villa Ocampo SF,SpontÃ³n 1426,,,353.0,4528080.0,,http://www.villaocamposf.com.ar,,-28.4886780,-59.3593650,localizaciÃ³n precisa,Diarios Argentinos.com,Privado,SÃ­,2019
86042010,86,86042,,Diarios Impresos,Santiago del Estero,Belgrano,Bandera,Sur SantiaguenoÂ ,MItre s/n,,3064.0,3857.0,421669.0,periodicosursantiago@gmail.com,http://www.sursantiago.com.ar,,-28.8825052,-62.2661993,localizaciÃ³n precisa,Diarios Argentinos.com,Privado,SÃ­,2019
86161030,86,86161,,Diarios Impresos,Santiago del Estero,Robles,Fernandez,El Progreso,Octavio Lascano S/N,,,385.0,154750343.0,info@elprogresoweb.com.ar,www.elprogresoweb.com.ar,,-27.9243600,-63.8933610,localizaciÃ³n precisa,SInCA ,Privado,SÃ­,2019
86049110,86,86049,,Diarios Impresos,Santiago del Estero,Capital,Santiago del Estero,El Liberal,Libertad 263,,4200.0,385.0,4224400.0,redaccion@elliberal.com.ar,www.elliberal.com.ar,,-27.7858950,-64.2582110,localizaciÃ³n precisa,IVC,Privado,SÃ­,2019
86049110,86,86049,,Diarios Impresos,Santiago del Estero,Capital,Santiago del Estero,Nuevo Diario,9 de Julio  390,,4200.0,385.0,4213230.0,,www.nuevodiarioweb.com.ar,,-27.7871010,-64.2556250,localizaciÃ³n precisa,SInCA,Privado,SÃ­,2019
94007010,94,94007,,Diarios Impresos,Tierra del Fuego,Rio Grande,Rio Grande,El Sureno,9 de Julio 431,,9420.0,2964.0,433039.0,info@surenio.com.ar,www.surenio.com.ar,,-53.7872980,-67.6929840,localizaciÃ³n precisa,SInCA,Privado,SÃ­,2019
94007010,94,94007,,Diarios Impresos,Tierra del Fuego,Rio Grande,Rio Grande,Provincia 23,Sabattini   25,,9420.0,2964.0,426334.0,provincia23@speedy.com.ar,www.p23.com.ar,,-53.7864090,-67.7248250,localizaciÃ³n precisa,SInCA,Privado,SÃ­,2019
94007010,94,94007,,Diarios Impresos,Tierra del Fuego,Rio Grande,Rio Grande,Tiempo Fueguino,Espora 781,,9420.0,2964.0,426791.0,,www.tiempofueguino.com.ar,,-53.7887730,-67.6987030,localizaciÃ³n precisa,SInCA,Privado,SÃ­,2019
94014020,94,94014,,Diarios Impresos,Tierra del Fuego,Ushuaia,Ushuaia,DIARIO PRENSA,Gral. Juan Manuel Rosas 549,,9410.0,2901.0,423520.0,diarioprensa@hotmail.com,www.diarioprensatdf.com,,-54.8040796,-68.3131473,localizaciÃ³n precisa,Secretaria de Cultura  Provnicial TDF,Privado,SÃ­,2019
94014020,94,94014,,Diarios Impresos,Tierra del Fuego,Ushuaia,Ushuaia,El Diario del Fin del Mundo,Campos 758,,9410.0,2901.0,435713.0,info@eldiariodelfindelmundo.com,www.eldiariodelfindelmundo.com,,-54.8050120,-68.3103960,localizaciÃ³n precisa,SInCA,Privado,SÃ­,2019
90084010,90,90084,,Diarios Impresos,TucumÃ¡n,Capital,San Miguel de Tucuman,El Siglo,Maipu 70,Piso 6,4000.0,381.0,4301010.0,digital@elsigloweb.com,www.elsigloweb.com,,-26.8295770,-65.2074420,localizaciÃ³n precisa,SInCA,Privado,SÃ­,2019
90084010,90,90084,,Diarios Impresos,TucumÃ¡n,Capital,San Miguel de Tucuman,La Gaceta,Mendoza 654,,4000.0,381.0,4842200.0,,www.lagaceta.com.ar,,-26.8279270,-65.2062060,localizaciÃ³n precisa,IVC,Privado,SÃ­,2019
